year,geo,country_name,ceparema,activity,inv_gov,inv_corp_spec,inv_corp_anc,inv_corp_total,inv_total
2017,FI,Finland,CEPA7,Protection against radiation (excluding external safety),900000.0,,0.0,0.0,900000.0
2017,LV,Latvia,CEPA1,Protection of ambient air and climate,4900000.0,200000.0,,200000.0,5100000.0
2016,CH,Switzerland,CEPA9,Other environmental protection activities,,11000000.0,,11000000.0,11000000.0
2019,AT,Austria,CEPA7,Protection against radiation (excluding external safety),100000.0,100000.0,0.0,100000.0,200000.0
2018,LV,Latvia,CEPA2,Wastewater management,1100000.0,16300000.0,2100000.0,18400000.0,19500000.0
2020,SI,Slovenia,CEPA112_122,Protection of climate and ozone layer,,0.0,56300000.0,56300000.0,56300000.0
2017,PT,Portugal,CEPA3,Waste management,12700000.0,91700000.0,9500000.0,101200000.0,113900000.0
2017,LT,Lithuania,CEPA6,Protection of biodiversity and landscapes,6100000.0,0.0,300000.0,300000.0,6400000.0
2017,FI,Finland,CEPA5,Noise and vibration abatement (excluding workplace protection),14900000.0,0.0,1800000.0,1800000.0,16700000.0
2015,IE,Ireland,CEPA3,Waste management,22400000.0,45000000.0,6900000.0,51900000.0,74300000.0
2021,CH,Switzerland,CEPA4,"Protection and remediation of soil, groundwater and surface water",34500000.0,2000000.0,38500000.0,40500000.0,75000000.0
2017,BE,Belgium,CEPA3,Waste management,216800000.0,694800000.0,25000000.0,719800000.0,936600000.0
2022,NO,Norway,CEPA4,"Protection and remediation of soil, groundwater and surface water",500000.0,1000000.0,,1000000.0,1500000.0
2015,RO,Romania,CEPA3,Waste management,404300000.0,53800000.0,37000000.0,90800000.0,495100000.0
2016,NO,Norway,CEPA8,Environmental research and development,6200000.0,,1300000.0,1300000.0,7500000.0
2018,RO,Romania,CEPA1,Protection of ambient air and climate,1700000.0,100000.0,192400000.0,192500000.0,194200000.0
2016,FI,Finland,CEPA9,Other environmental protection activities,9800000.0,,,0.0,9800000.0
2022,AT,Austria,CEPA3,Waste management,31800000.0,392900000.0,,392900000.0,424700000.0
2014,RO,Romania,CEPA1,Protection of ambient air and climate,79500000.0,100000.0,221600000.0,221700000.0,301200000.0
2022,CH,Switzerland,CEPA6,Protection of biodiversity and landscapes,48200000.0,9600000.0,58000000.0,67600000.0,115800000.0
2021,RO,Romania,CEPA9,Other environmental protection activities,16400000.0,0.0,6300000.0,6300000.0,22700000.0
2014,CH,Switzerland,CEPA5,Noise and vibration abatement (excluding workplace protection),17200000.0,0.0,,0.0,17200000.0
2020,AT,Austria,CEPA2,Wastewater management,7900000.0,473600000.0,,473600000.0,481500000.0
2022,SI,Slovenia,CEPA3,Waste management,11400000.0,13200000.0,,13200000.0,24600000.0
2022,FI,Finland,CEPA7,Protection against radiation (excluding external safety),500000.0,0.0,300000.0,300000.0,800000.0
2016,SE,Sweden,CEPA1,Protection of ambient air and climate,49500000.0,0.0,,0.0,49500000.0
2021,AT,Austria,CEPA8,Environmental research and development,45700000.0,57300000.0,,57300000.0,103000000.0
2016,FI,Finland,CEPA3,Waste management,200000.0,203000000.0,,203000000.0,203200000.0
2018,BG,Bulgaria,CEPA9,Other environmental protection activities,3300000.0,0.0,3400000.0,3400000.0,6700000.0
2019,DE,Germany,CEPA6,Protection of biodiversity and landscapes,172000000.0,0.0,48600000.0,48600000.0,220600000.0
2019,LT,Lithuania,CEPA6,Protection of biodiversity and landscapes,14700000.0,200000.0,0.0,200000.0,14900000.0
2022,SE,Sweden,CEPA1,Protection of ambient air and climate,38500000.0,0.0,,0.0,38500000.0
2020,AT,Austria,CEPA8,Environmental research and development,39400000.0,59400000.0,,59400000.0,98800000.0
2016,PT,Portugal,CEPA1,Protection of ambient air and climate,0.0,2300000.0,35300000.0,37600000.0,37600000.0
2016,DE,Germany,CEPA6,Protection of biodiversity and landscapes,171000000.0,,65700000.0,65700000.0,236700000.0
2017,DE,Germany,CEPA4,"Protection and remediation of soil, groundwater and surface water",,52000000.0,154000000.0,206000000.0,206000000.0
2019,EL,Greece,CEPA9,Other environmental protection activities,0.0,0.0,2300000.0,2300000.0,2300000.0
2019,SE,Sweden,CEPA4,"Protection and remediation of soil, groundwater and surface water",0.0,3100000.0,47600000.0,50700000.0,50700000.0
2017,HR,Croatia,CEPA2,Wastewater management,12700000.0,14200000.0,102500000.0,116700000.0,129400000.0
2021,HR,Croatia,CEPA2,Wastewater management,39400000.0,25500000.0,,25500000.0,64900000.0
2018,LV,Latvia,CEPA4,"Protection and remediation of soil, groundwater and surface water",0.0,1000000.0,4700000.0,5700000.0,5700000.0
2020,EL,Greece,CEPA9,Other environmental protection activities,0.0,0.0,2300000.0,2300000.0,2300000.0
2019,FI,Finland,CEPA2,Wastewater management,0.0,122000000.0,62900000.0,184900000.0,184900000.0
2018,BG,Bulgaria,CEPA2,Wastewater management,108900000.0,800000.0,15600000.0,16400000.0,125300000.0
2015,DE,Germany,CEPA4,"Protection and remediation of soil, groundwater and surface water",,53000000.0,43600000.0,96600000.0,96600000.0
2022,CH,Switzerland,CEPA3,Waste management,583900000.0,287300000.0,67400000.0,354700000.0,938600000.0
2015,SE,Sweden,CEPA7-9,Protection against radiation; environmental research and development; other environmental protection activities,44100000.0,,,0.0,44100000.0
2018,DE,Germany,CEPA3,Waste management,111400000.0,2001600000.0,384300000.0,2385900000.0,2497300000.0
2015,FI,Finland,CEPA4,"Protection and remediation of soil, groundwater and surface water",500000.0,2000000.0,,2000000.0,2500000.0
2018,LT,Lithuania,CEPA3,Waste management,5500000.0,13700000.0,3100000.0,16800000.0,22300000.0
2015,BG,Bulgaria,CEPA6,Protection of biodiversity and landscapes,300000.0,0.0,1700000.0,1700000.0,2000000.0
2017,LT,Lithuania,CEPA7,Protection against radiation (excluding external safety),39300000.0,0.0,0.0,0.0,39300000.0
2014,MT,Malta,CEPA7-9,Protection against radiation; environmental research and development; other environmental protection activities,1000000.0,0.0,0.0,0.0,1000000.0
2020,PT,Portugal,CEPA3,Waste management,25500000.0,199500000.0,,199500000.0,225000000.0
2014,PT,Portugal,CEPA6,Protection of biodiversity and landscapes,9800000.0,600000.0,,600000.0,10400000.0
2015,FI,Finland,CEPA3,Waste management,300000.0,156000000.0,,156000000.0,156300000.0
2019,BG,Bulgaria,CEPA1,Protection of ambient air and climate,100000.0,0.0,51300000.0,51300000.0,51400000.0
2022,PL,Poland,CEPA1,Protection of ambient air and climate,59300000.0,9700000.0,854100000.0,863800000.0,923100000.0
2014,BE,Belgium,CEPA2,Wastewater management,84600000.0,61000000.0,211000000.0,272000000.0,356600000.0
2018,HR,Croatia,CEPA3,Waste management,37100000.0,29000000.0,,29000000.0,66100000.0
2020,PT,Portugal,CEPA6,Protection of biodiversity and landscapes,6700000.0,39300000.0,,39300000.0,46000000.0
2014,LT,Lithuania,CEPA5,Noise and vibration abatement (excluding workplace protection),0.0,0.0,2500000.0,2500000.0,2500000.0
2018,AT,Austria,CEPA7,Protection against radiation (excluding external safety),100000.0,200000.0,0.0,200000.0,300000.0
2015,BE,Belgium,CEPA1,Protection of ambient air and climate,2700000.0,14300000.0,164700000.0,179000000.0,181700000.0
2014,EL,Greece,CEPA3,Waste management,394000000.0,56600000.0,8700000.0,65300000.0,459300000.0
2014,HR,Croatia,CEPA3,Waste management,54700000.0,22400000.0,4700000.0,27100000.0,81800000.0
2021,EL,Greece,CEPA1,Protection of ambient air and climate,0.0,0.0,6900000.0,6900000.0,6900000.0
2019,LV,Latvia,CEPA3,Waste management,29300000.0,31600000.0,1400000.0,33000000.0,62300000.0
2016,PL,Poland,CEPA4,"Protection and remediation of soil, groundwater and surface water",3300000.0,0.0,10400000.0,10400000.0,13700000.0
2017,PT,Portugal,CEPA4,"Protection and remediation of soil, groundwater and surface water",100000.0,2400000.0,5900000.0,8300000.0,8400000.0
2019,PL,Poland,CEPA7-9,Protection against radiation; environmental research and development; other environmental protection activities,172700000.0,2800000.0,101200000.0,104000000.0,276700000.0
2014,DE,Germany,CEPA2,Wastewater management,1462000000.0,4777000000.0,1163000000.0,5940000000.0,7402000000.0
2022,SE,Sweden,CEPA4,"Protection and remediation of soil, groundwater and surface water",0.0,10800000.0,,10800000.0,10800000.0
2020,SI,Slovenia,CEPA6,Protection of biodiversity and landscapes,3600000.0,0.0,9500000.0,9500000.0,13100000.0
2018,EL,Greece,CEPA9,Other environmental protection activities,0.0,0.0,4900000.0,4900000.0,4900000.0
2021,HR,Croatia,CEPA7-9,Protection against radiation; environmental research and development; other environmental protection activities,600000.0,0.0,,0.0,600000.0
2020,CH,Switzerland,CEPA5,Noise and vibration abatement (excluding workplace protection),24400000.0,0.0,67300000.0,67300000.0,91700000.0
2022,HR,Croatia,CEPA7-9,Protection against radiation; environmental research and development; other environmental protection activities,600000.0,0.0,,0.0,600000.0
2014,PL,Poland,CEPA8,Environmental research and development,0.0,0.0,1700000.0,1700000.0,1700000.0
2021,EL,Greece,CEPA7-9,Protection against radiation; environmental research and development; other environmental protection activities,0.0,0.0,2100000.0,2100000.0,2100000.0
2021,SI,Slovenia,CEPA1,Protection of ambient air and climate,24900000.0,0.0,117900000.0,117900000.0,142800000.0
2016,HR,Croatia,CEPA3,Waste management,34800000.0,27100000.0,3800000.0,30900000.0,65700000.0
2017,BG,Bulgaria,CEPA9,Other environmental protection activities,1200000.0,0.0,4700000.0,4700000.0,5900000.0
2015,NO,Norway,CEPA9,Other environmental protection activities,2500000.0,,1000000.0,1000000.0,3500000.0
2018,AT,Austria,CEPA8,Environmental research and development,40100000.0,32800000.0,0.0,32800000.0,72900000.0
2015,CH,Switzerland,CEPA6,Protection of biodiversity and landscapes,35200000.0,10000000.0,,10000000.0,45200000.0
2022,PL,Poland,CEPA9,Other environmental protection activities,180600000.0,400000.0,135900000.0,136300000.0,316900000.0
2019,SE,Sweden,CEPA7-9,Protection against radiation; environmental research and development; other environmental protection activities,39700000.0,0.0,72500000.0,72500000.0,112200000.0
2015,BE,Belgium,CEPA2,Wastewater management,158700000.0,60600000.0,223800000.0,284400000.0,443100000.0
2021,EL,Greece,CEPA3,Waste management,245000000.0,116200000.0,4300000.0,120500000.0,365500000.0
2016,IE,Ireland,CEPA4,"Protection and remediation of soil, groundwater and surface water",7000000.0,100000.0,2400000.0,2500000.0,9500000.0
2016,SI,Slovenia,CEPA112_122,Protection of climate and ozone layer,,,,0.0,0.0
2018,SI,Slovenia,CEPA112_122,Protection of climate and ozone layer,,,,0.0,0.0
2015,SI,Slovenia,CEPA112_122,Protection of climate and ozone layer,,,,0.0,0.0
2014,SI,Slovenia,CEPA112_122,Protection of climate and ozone layer,,,,0.0,0.0
2016,FI,Finland,CEPA4,"Protection and remediation of soil, groundwater and surface water",1300000.0,5000000.0,,5000000.0,6300000.0
2022,BG,Bulgaria,CEPA3,Waste management,44800000.0,67700000.0,27400000.0,95100000.0,139900000.0
2017,SI,Slovenia,CEPA112_122,Protection of climate and ozone layer,,,,0.0,0.0
2020,HR,Croatia,CEPA112_122,Protection of climate and ozone layer,,,,0.0,0.0
2016,EL,Greece,CEPA9,Other environmental protection activities,0.0,0.0,2500000.0,2500000.0,2500000.0
2017,HR,Croatia,CEPA112_122,Protection of climate and ozone layer,,,,0.0,0.0
2022,HR,Croatia,CEPA112_122,Protection of climate and ozone layer,,,,0.0,0.0
2019,SI,Slovenia,CEPA7-9,Protection against radiation; environmental research and development; other environmental protection activities,17400000.0,0.0,6000000.0,6000000.0,23400000.0
2016,HR,Croatia,CEPA112_122,Protection of climate and ozone layer,,,,0.0,0.0
2018,HR,Croatia,CEPA112_122,Protection of climate and ozone layer,,,,0.0,0.0
2021,HR,Croatia,CEPA112_122,Protection of climate and ozone layer,,,,0.0,0.0
2022,NO,Norway,CEPA3,Waste management,70800000.0,182600000.0,,182600000.0,253400000.0
2021,MT,Malta,CEPA7-9,Protection against radiation; environmental research and development; other environmental protection activities,0.0,0.0,0.0,0.0,0.0
2016,HR,Croatia,CEPA7-9,Protection against radiation; environmental research and development; other environmental protection activities,100000.0,0.0,600000.0,600000.0,700000.0
2014,LT,Lithuania,CEPA2,Wastewater management,2900000.0,37700000.0,13400000.0,51100000.0,54000000.0
2018,IE,Ireland,CEPA7-9,Protection against radiation; environmental research and development; other environmental protection activities,13200000.0,0.0,100000.0,100000.0,13300000.0
2021,IE,Ireland,CEPA112_122,Protection of climate and ozone layer,20900000.0,,,0.0,20900000.0
2017,IE,Ireland,CEPA2,Wastewater management,300800000.0,3600000.0,15000000.0,18600000.0,319400000.0
2018,CH,Switzerland,CEPA4,"Protection and remediation of soil, groundwater and surface water",30400000.0,1200000.0,,1200000.0,31600000.0
2018,LT,Lithuania,CEPA1,Protection of ambient air and climate,4700000.0,5500000.0,17600000.0,23100000.0,27800000.0
2018,BE,Belgium,CEPA7-9,Protection against radiation; environmental research and development; other environmental protection activities,31000000.0,42800000.0,78600000.0,121400000.0,152400000.0
2015,AT,Austria,CEPA5,Noise and vibration abatement (excluding workplace protection),0.0,2200000.0,19500000.0,21700000.0,21700000.0
2015,PL,Poland,CEPA5,Noise and vibration abatement (excluding workplace protection),31700000.0,0.0,52000000.0,52000000.0,83700000.0
2018,NO,Norway,CEPA5,Noise and vibration abatement (excluding workplace protection),12200000.0,0.0,,0.0,12200000.0
2018,CH,Switzerland,CEPA7-9,Protection against radiation; environmental research and development; other environmental protection activities,47300000.0,24800000.0,,24800000.0,72100000.0
2018,DE,Germany,CEPA7,Protection against radiation (excluding external safety),4900000.0,,,0.0,4900000.0
2019,FI,Finland,CEPA6,Protection of biodiversity and landscapes,10000000.0,0.0,3000000.0,3000000.0,13000000.0
2018,NO,Norway,CEPA7-9,Protection against radiation; environmental research and development; other environmental protection activities,55700000.0,0.0,,0.0,55700000.0
2017,PL,Poland,CEPA6,Protection of biodiversity and landscapes,31800000.0,100000.0,200000.0,300000.0,32100000.0
2014,AT,Austria,CEPA9,Other environmental protection activities,,51600000.0,400000.0,52000000.0,52000000.0
2015,HR,Croatia,CEPA112_122,Protection of climate and ozone layer,,,,0.0,0.0
2014,HR,Croatia,CEPA112_122,Protection of climate and ozone layer,,,,0.0,0.0
2020,BE,Belgium,CEPA9,Other environmental protection activities,44700000.0,23200000.0,29100000.0,52300000.0,97000000.0
2014,DE,Germany,CEPA9,Other environmental protection activities,31000000.0,,,0.0,31000000.0
2022,AT,Austria,CEPA1,Protection of ambient air and climate,5000000.0,20800000.0,,20800000.0,25800000.0
2015,AT,Austria,CEPA2,Wastewater management,8700000.0,118200000.0,25600000.0,143800000.0,152500000.0
2014,LT,Lithuania,CEPA1,Protection of ambient air and climate,1100000.0,15100000.0,88500000.0,103600000.0,104700000.0
2018,RO,Romania,CEPA9,Other environmental protection activities,7500000.0,0.0,33900000.0,33900000.0,41400000.0
2022,LT,Lithuania,CEPA5,Noise and vibration abatement (excluding workplace protection),0.0,0.0,6800000.0,6800000.0,6800000.0
2021,PT,Portugal,CEPA1,Protection of ambient air and climate,0.0,12900000.0,,12900000.0,12900000.0
2018,BE,Belgium,CEPA8,Environmental research and development,3300000.0,2200000.0,50500000.0,52700000.0,56000000.0
2019,BG,Bulgaria,CEPA7-9,Protection against radiation; environmental research and development; other environmental protection activities,4000000.0,200000.0,6700000.0,6900000.0,10900000.0
2018,PT,Portugal,CEPA8,Environmental research and development,55900000.0,16900000.0,0.0,16900000.0,72800000.0
2016,DE,Germany,CEPA9,Other environmental protection activities,35000000.0,,,0.0,35000000.0
2022,DE,Germany,CEPA8,Environmental research and development,501000000.0,0.0,,0.0,501000000.0
2016,RO,Romania,CEPA6,Protection of biodiversity and landscapes,0.0,0.0,3300000.0,3300000.0,3300000.0
2014,FI,Finland,CEPA5,Noise and vibration abatement (excluding workplace protection),11000000.0,0.0,,0.0,11000000.0
2017,IE,Ireland,CEPA9,Other environmental protection activities,12100000.0,,600000.0,600000.0,12700000.0
2021,PL,Poland,CEPA9,Other environmental protection activities,167300000.0,400000.0,89900000.0,90300000.0,257600000.0
2021,LV,Latvia,CEPA4,"Protection and remediation of soil, groundwater and surface water",0.0,2500000.0,1400000.0,3900000.0,3900000.0
2021,MT,Malta,CEPA2,Wastewater management,0.0,22700000.0,200000.0,22900000.0,22900000.0
2019,LT,Lithuania,CEPA7,Protection against radiation (excluding external safety),19900000.0,0.0,0.0,0.0,19900000.0
2018,MT,Malta,CEPA2,Wastewater management,0.0,22700000.0,200000.0,22900000.0,22900000.0
2020,SI,Slovenia,CEPA7-9,Protection against radiation; environmental research and development; other environmental protection activities,15500000.0,0.0,6900000.0,6900000.0,22400000.0
2019,EL,Greece,CEPA3,Waste management,239000000.0,38700000.0,2200000.0,40900000.0,279900000.0
2020,DE,Germany,CEPA6,Protection of biodiversity and landscapes,190000000.0,0.0,84000000.0,84000000.0,274000000.0
2022,RO,Romania,CEPA3,Waste management,63300000.0,171900000.0,19300000.0,191200000.0,254500000.0
2019,LT,Lithuania,CEPA2,Wastewater management,2400000.0,63300000.0,7700000.0,71000000.0,73400000.0
2018,NO,Norway,CEPA112_122,Protection of climate and ozone layer,,,,0.0,0.0
2019,NO,Norway,CEPA112_122,Protection of climate and ozone layer,,,,0.0,0.0
2022,FI,Finland,CEPA1,Protection of ambient air and climate,100000.0,0.0,345100000.0,345100000.0,345200000.0
2020,NO,Norway,CEPA112_122,Protection of climate and ozone layer,,,,0.0,0.0
2021,NO,Norway,CEPA112_122,Protection of climate and ozone layer,,,,0.0,0.0
2022,NO,Norway,CEPA112_122,Protection of climate and ozone layer,,,,0.0,0.0
2022,NO,Norway,CEPA7-9,Protection against radiation; environmental research and development; other environmental protection activities,17600000.0,0.0,,0.0,17600000.0
2021,HR,Croatia,CEPA1,Protection of ambient air and climate,700000.0,0.0,,0.0,700000.0
2017,HR,Croatia,CEPA1,Protection of ambient air and climate,500000.0,200000.0,27500000.0,27700000.0,28200000.0
2020,HR,Croatia,CEPA4,"Protection and remediation of soil, groundwater and surface water",20800000.0,200000.0,,200000.0,21000000.0
2022,HR,Croatia,CEPA1,Protection of ambient air and climate,700000.0,0.0,,0.0,700000.0
2020,FI,Finland,CEPA9,Other environmental protection activities,11600000.0,0.0,2200000.0,2200000.0,13800000.0
2017,IE,Ireland,CEPA112_122,Protection of climate and ozone layer,13900000.0,,,0.0,13900000.0
2021,SE,Sweden,CEPA3,Waste management,1104500000.0,191600000.0,50300000.0,241900000.0,1346400000.0
2021,BE,Belgium,CEPA4,"Protection and remediation of soil, groundwater and surface water",30800000.0,39800000.0,35900000.0,75700000.0,106500000.0
2022,BE,Belgium,CEPA8,Environmental research and development,7600000.0,4200000.0,77600000.0,81800000.0,89400000.0
2018,LV,Latvia,CEPA9,Other environmental protection activities,6200000.0,0.0,500000.0,500000.0,6700000.0
2018,IE,Ireland,CEPA3,Waste management,35100000.0,38400000.0,25600000.0,64000000.0,99100000.0
2017,MT,Malta,CEPA7-9,Protection against radiation; environmental research and development; other environmental protection activities,600000.0,0.0,0.0,0.0,600000.0
2019,MT,Malta,CEPA7-9,Protection against radiation; environmental research and development; other environmental protection activities,600000.0,0.0,0.0,0.0,600000.0
2015,PL,Poland,CEPA6,Protection of biodiversity and landscapes,10100000.0,0.0,1600000.0,1600000.0,11700000.0
2019,BG,Bulgaria,CEPA9,Other environmental protection activities,800000.0,200000.0,5900000.0,6100000.0,6900000.0
2020,NO,Norway,CEPA2,Wastewater management,659000000.0,36900000.0,,36900000.0,695900000.0
2022,DE,Germany,CEPA4,"Protection and remediation of soil, groundwater and surface water",44500000.0,105000000.0,260600000.0,365600000.0,410100000.0
2021,LT,Lithuania,CEPA3,Waste management,2900000.0,135500000.0,600000.0,136100000.0,139000000.0
2019,PT,Portugal,CEPA4,"Protection and remediation of soil, groundwater and surface water",0.0,3000000.0,20000000.0,23000000.0,23000000.0
2022,LV,Latvia,CEPA9,Other environmental protection activities,8500000.0,,200000.0,200000.0,8700000.0
2017,PT,Portugal,CEPA9,Other environmental protection activities,14200000.0,400000.0,0.0,400000.0,14600000.0
2015,FI,Finland,CEPA7-9,Protection against radiation; environmental research and development; other environmental protection activities,14400000.0,0.0,,0.0,14400000.0
2022,MT,Malta,CEPA7-9,Protection against radiation; environmental research and development; other environmental protection activities,300000.0,0.0,0.0,0.0,300000.0
2022,DE,Germany,CEPA9,Other environmental protection activities,53000000.0,0.0,,0.0,53000000.0
2020,DE,Germany,CEPA9,Other environmental protection activities,53000000.0,0.0,,0.0,53000000.0
2018,IE,Ireland,CEPA6,Protection of biodiversity and landscapes,500000.0,0.0,800000.0,800000.0,1300000.0
2015,NO,Norway,CEPA7-9,Protection against radiation; environmental research and development; other environmental protection activities,8400000.0,,1000000.0,1000000.0,9400000.0
2018,PL,Poland,CEPA8,Environmental research and development,100000.0,0.0,1800000.0,1800000.0,1900000.0
2014,EL,Greece,CEPA9,Other environmental protection activities,0.0,0.0,6700000.0,6700000.0,6700000.0
2014,LT,Lithuania,CEPA6,Protection of biodiversity and landscapes,16700000.0,0.0,0.0,0.0,16700000.0
2020,SE,Sweden,CEPA5,Noise and vibration abatement (excluding workplace protection),0.0,0.0,28500000.0,28500000.0,28500000.0
2021,AT,Austria,CEPA2,Wastewater management,3000000.0,513400000.0,,513400000.0,516400000.0
2018,AT,Austria,CEPA7-9,Protection against radiation; environmental research and development; other environmental protection activities,45000000.0,109300000.0,39200000.0,148500000.0,193500000.0
2019,PL,Poland,CEPA3,Waste management,45500000.0,152100000.0,19000000.0,171100000.0,216600000.0
2020,IE,Ireland,CEPA3,Waste management,20100000.0,35000000.0,,35000000.0,55100000.0
2019,BE,Belgium,CEPA8,Environmental research and development,4100000.0,3200000.0,55500000.0,58700000.0,62800000.0
2019,PL,Poland,CEPA2,Wastewater management,777700000.0,537800000.0,115300000.0,653100000.0,1430800000.0
2022,LV,Latvia,CEPA7-9,Protection against radiation; environmental research and development; other environmental protection activities,8500000.0,0.0,200000.0,200000.0,8700000.0
2017,AT,Austria,CEPA1,Protection of ambient air and climate,0.0,13900000.0,131800000.0,145700000.0,145700000.0
2021,EL,Greece,CEPA2,Wastewater management,73000000.0,2200000.0,3400000.0,5600000.0,78600000.0
2016,DE,Germany,CEPA112_122,Protection of climate and ozone layer,,,201700000.0,201700000.0,201700000.0
2020,PL,Poland,CEPA8,Environmental research and development,0.0,0.0,1200000.0,1200000.0,1200000.0
2021,SI,Slovenia,CEPA6,Protection of biodiversity and landscapes,7600000.0,0.0,13700000.0,13700000.0,21300000.0
2020,RO,Romania,CEPA5,Noise and vibration abatement (excluding workplace protection),800000.0,0.0,1800000.0,1800000.0,2600000.0
2019,AT,Austria,CEPA4,"Protection and remediation of soil, groundwater and surface water",1900000.0,86000000.0,4200000.0,90200000.0,92100000.0
2017,RO,Romania,CEPA2,Wastewater management,165700000.0,1000000.0,44200000.0,45200000.0,210900000.0
2019,IE,Ireland,CEPA8,Environmental research and development,2600000.0,,0.0,0.0,2600000.0
2020,PL,Poland,CEPA7-9,Protection against radiation; environmental research and development; other environmental protection activities,179500000.0,1800000.0,94000000.0,95800000.0,275300000.0
2019,SI,Slovenia,CEPA6,Protection of biodiversity and landscapes,2800000.0,0.0,5800000.0,5800000.0,8600000.0
2019,LT,Lithuania,CEPA7-9,Protection against radiation; environmental research and development; other environmental protection activities,38100000.0,0.0,100000.0,100000.0,38200000.0
2016,CH,Switzerland,CEPA2,Wastewater management,508300000.0,183300000.0,68900000.0,252200000.0,760500000.0
2018,HR,Croatia,CEPA7-9,Protection against radiation; environmental research and development; other environmental protection activities,400000.0,0.0,,0.0,400000.0
2019,HR,Croatia,CEPA7-9,Protection against radiation; environmental research and development; other environmental protection activities,400000.0,0.0,,0.0,400000.0
2014,CH,Switzerland,CEPA3,Waste management,448900000.0,127100000.0,72700000.0,199800000.0,648700000.0
2017,AT,Austria,CEPA8,Environmental research and development,,23400000.0,0.0,23400000.0,23400000.0
2017,LT,Lithuania,CEPA1,Protection of ambient air and climate,5100000.0,10500000.0,13500000.0,24000000.0,29100000.0
2021,PL,Poland,CEPA8,Environmental research and development,200000.0,0.0,1700000.0,1700000.0,1900000.0
2022,RO,Romania,CEPA6,Protection of biodiversity and landscapes,100000.0,100000.0,3000000.0,3100000.0,3200000.0
2021,BG,Bulgaria,CEPA6,Protection of biodiversity and landscapes,1500000.0,0.0,100000.0,100000.0,1600000.0
2021,LV,Latvia,CEPA9,Other environmental protection activities,8500000.0,,0.0,0.0,8500000.0
2017,RO,Romania,CEPA4,"Protection and remediation of soil, groundwater and surface water",1700000.0,700000.0,35600000.0,36300000.0,38000000.0
2015,BE,Belgium,CEPA7,Protection against radiation (excluding external safety),0.0,15400000.0,0.0,15400000.0,15400000.0
2020,SI,Slovenia,CEPA3,Waste management,9500000.0,10900000.0,69000000.0,79900000.0,89400000.0
2019,BE,Belgium,CEPA6,Protection of biodiversity and landscapes,83300000.0,9400000.0,2000000.0,11400000.0,94700000.0
2016,AT,Austria,CEPA8,Environmental research and development,,15500000.0,0.0,15500000.0,15500000.0
2022,BG,Bulgaria,CEPA4,"Protection and remediation of soil, groundwater and surface water",1000000.0,0.0,400000.0,400000.0,1400000.0
2021,BE,Belgium,CEPA9,Other environmental protection activities,39000000.0,23100000.0,32400000.0,55500000.0,94500000.0
2017,PT,Portugal,CEPA6,Protection of biodiversity and landscapes,7300000.0,2400000.0,12500000.0,14900000.0,22200000.0
2015,NO,Norway,CEPA5,Noise and vibration abatement (excluding workplace protection),11500000.0,,700000.0,700000.0,12200000.0
2021,IE,Ireland,CEPA2,Wastewater management,499000000.0,3000000.0,,3000000.0,502000000.0
2022,LV,Latvia,CEPA3,Waste management,6600000.0,63100000.0,700000.0,63800000.0,70400000.0
2020,LT,Lithuania,CEPA6,Protection of biodiversity and landscapes,8600000.0,500000.0,0.0,500000.0,9100000.0
2017,FI,Finland,CEPA2,Wastewater management,100000.0,125000000.0,79000000.0,204000000.0,204100000.0
2015,PT,Portugal,CEPA4,"Protection and remediation of soil, groundwater and surface water",0.0,5000000.0,5900000.0,10900000.0,10900000.0
2017,CH,Switzerland,CEPA9,Other environmental protection activities,,9500000.0,,9500000.0,9500000.0
2021,MT,Malta,CEPA6,Protection of biodiversity and landscapes,1400000.0,0.0,0.0,0.0,1400000.0
2017,PT,Portugal,CEPA8,Environmental research and development,53500000.0,11200000.0,0.0,11200000.0,64700000.0
2019,PL,Poland,CEPA1,Protection of ambient air and climate,36400000.0,4300000.0,829300000.0,833600000.0,870000000.0
2018,BG,Bulgaria,CEPA4,"Protection and remediation of soil, groundwater and surface water",1200000.0,0.0,3400000.0,3400000.0,4600000.0
2016,CH,Switzerland,CEPA5,Noise and vibration abatement (excluding workplace protection),21600000.0,0.0,,0.0,21600000.0
2016,BG,Bulgaria,CEPA4,"Protection and remediation of soil, groundwater and surface water",9600000.0,0.0,2300000.0,2300000.0,11900000.0
2022,NO,Norway,CEPA2,Wastewater management,654800000.0,43200000.0,,43200000.0,698000000.0
2014,LT,Lithuania,CEPA7-9,Protection against radiation; environmental research and development; other environmental protection activities,81500000.0,100000.0,600000.0,700000.0,82200000.0
2017,CH,Switzerland,CEPA3,Waste management,482900000.0,221200000.0,48600000.0,269800000.0,752700000.0
2022,EL,Greece,CEPA9,Other environmental protection activities,0.0,0.0,4700000.0,4700000.0,4700000.0
2014,PL,Poland,CEPA7-9,Protection against radiation; environmental research and development; other environmental protection activities,74600000.0,1400000.0,93300000.0,94700000.0,169300000.0
2015,HR,Croatia,CEPA7-9,Protection against radiation; environmental research and development; other environmental protection activities,200000.0,0.0,400000.0,400000.0,600000.0
2017,HR,Croatia,CEPA7-9,Protection against radiation; environmental research and development; other environmental protection activities,100000.0,0.0,500000.0,500000.0,600000.0
2016,FI,Finland,CEPA6,Protection of biodiversity and landscapes,10800000.0,0.0,,0.0,10800000.0
2021,FI,Finland,CEPA2,Wastewater management,0.0,135000000.0,73400000.0,208400000.0,208400000.0
2020,SE,Sweden,CEPA4,"Protection and remediation of soil, groundwater and surface water",100000.0,4400000.0,46900000.0,51300000.0,51400000.0
2014,MT,Malta,CEPA3,Waste management,18600000.0,1200000.0,2400000.0,3600000.0,22200000.0
2015,DE,Germany,CEPA8,Environmental research and development,267000000.0,,,0.0,267000000.0
2022,DE,Germany,CEPA3,Waste management,148500000.0,2615500000.0,412100000.0,3027600000.0,3176100000.0
2016,NO,Norway,CEPA4,"Protection and remediation of soil, groundwater and surface water",2500000.0,300000.0,4000000.0,4300000.0,6800000.0
2017,HR,Croatia,CEPA4,"Protection and remediation of soil, groundwater and surface water",18200000.0,100000.0,4700000.0,4800000.0,23000000.0
2020,PT,Portugal,CEPA1,Protection of ambient air and climate,0.0,9300000.0,,9300000.0,9300000.0
2014,PT,Portugal,CEPA4,"Protection and remediation of soil, groundwater and surface water",0.0,700000.0,,700000.0,700000.0
2022,PT,Portugal,CEPA8,Environmental research and development,48300000.0,27900000.0,,27900000.0,76200000.0
2020,BE,Belgium,CEPA1,Protection of ambient air and climate,5000000.0,24900000.0,203100000.0,228000000.0,233000000.0
2022,FI,Finland,CEPA9,Other environmental protection activities,6800000.0,0.0,18600000.0,18600000.0,25400000.0
2018,CH,Switzerland,CEPA9,Other environmental protection activities,,11400000.0,,11400000.0,11400000.0
2016,CH,Switzerland,CEPA8,Environmental research and development,,11400000.0,,11400000.0,11400000.0
2022,PT,Portugal,CEPA1,Protection of ambient air and climate,100000.0,10000000.0,,10000000.0,10100000.0
2020,DE,Germany,CEPA112_122,Protection of climate and ozone layer,,,434800000.0,434800000.0,434800000.0
2016,RO,Romania,CEPA5,Noise and vibration abatement (excluding workplace protection),0.0,0.0,2500000.0,2500000.0,2500000.0
2019,MT,Malta,CEPA2,Wastewater management,0.0,22300000.0,200000.0,22500000.0,22500000.0
2021,CH,Switzerland,CEPA3,Waste management,548300000.0,263200000.0,61900000.0,325100000.0,873400000.0
2014,CH,Switzerland,CEPA7-9,Protection against radiation; environmental research and development; other environmental protection activities,43900000.0,28100000.0,,28100000.0,72000000.0
2016,HR,Croatia,CEPA4,"Protection and remediation of soil, groundwater and surface water",18600000.0,100000.0,4800000.0,4900000.0,23500000.0
2020,RO,Romania,CEPA4,"Protection and remediation of soil, groundwater and surface water",600000.0,500000.0,44200000.0,44700000.0,45300000.0
2020,BE,Belgium,CEPA7-9,Protection against radiation; environmental research and development; other environmental protection activities,47900000.0,49100000.0,87300000.0,136400000.0,184300000.0
2018,FI,Finland,CEPA9,Other environmental protection activities,17200000.0,0.0,10300000.0,10300000.0,27500000.0
2020,PT,Portugal,CEPA5,Noise and vibration abatement (excluding workplace protection),0.0,3800000.0,,3800000.0,3800000.0
2016,DE,Germany,CEPA3,Waste management,606000000.0,1491000000.0,269300000.0,1760300000.0,2366300000.0
2015,LT,Lithuania,CEPA3,Waste management,22900000.0,50200000.0,1500000.0,51700000.0,74600000.0
2014,LV,Latvia,CEPA3,Waste management,4700000.0,20000000.0,,20000000.0,24700000.0
2015,SI,Slovenia,CEPA2,Wastewater management,202100000.0,900000.0,16600000.0,17500000.0,219600000.0
2019,PT,Portugal,CEPA5,Noise and vibration abatement (excluding workplace protection),0.0,3500000.0,2900000.0,6400000.0,6400000.0
2021,SE,Sweden,CEPA2,Wastewater management,395500000.0,142600000.0,161100000.0,303700000.0,699200000.0
2016,CH,Switzerland,CEPA6,Protection of biodiversity and landscapes,26600000.0,6700000.0,,6700000.0,33300000.0
2014,BG,Bulgaria,CEPA7-9,Protection against radiation; environmental research and development; other environmental protection activities,13100000.0,900000.0,4300000.0,5200000.0,18300000.0
2016,IE,Ireland,CEPA112_122,Protection of climate and ozone layer,7900000.0,,,0.0,7900000.0
2021,BG,Bulgaria,CEPA3,Waste management,45400000.0,18300000.0,35100000.0,53400000.0,98800000.0
2015,CH,Switzerland,CEPA7-9,Protection against radiation; environmental research and development; other environmental protection activities,51900000.0,39300000.0,,39300000.0,91200000.0
2019,PL,Poland,CEPA9,Other environmental protection activities,171300000.0,2800000.0,100300000.0,103100000.0,274400000.0
2017,BE,Belgium,CEPA8,Environmental research and development,1700000.0,2000000.0,46900000.0,48900000.0,50600000.0
2019,FI,Finland,CEPA9,Other environmental protection activities,7300000.0,0.0,500000.0,500000.0,7800000.0
2022,AT,Austria,CEPA5,Noise and vibration abatement (excluding workplace protection),300000.0,9300000.0,,9300000.0,9600000.0
2015,SE,Sweden,CEPA2,Wastewater management,344400000.0,123300000.0,,123300000.0,467700000.0
2020,FI,Finland,CEPA2,Wastewater management,0.0,133000000.0,89000000.0,222000000.0,222000000.0
2019,AT,Austria,CEPA1,Protection of ambient air and climate,2100000.0,10100000.0,142000000.0,152100000.0,154200000.0
2018,DE,Germany,CEPA9,Other environmental protection activities,45000000.0,,,0.0,45000000.0
2016,MT,Malta,CEPA3,Waste management,10200000.0,800000.0,1000000.0,1800000.0,12000000.0
2022,BE,Belgium,CEPA3,Waste management,182100000.0,910600000.0,30800000.0,941400000.0,1123500000.0
2017,NO,Norway,CEPA2,Wastewater management,670300000.0,7000000.0,31500000.0,38500000.0,708800000.0
2021,SI,Slovenia,CEPA7-9,Protection against radiation; environmental research and development; other environmental protection activities,17000000.0,0.0,15300000.0,15300000.0,32300000.0
2017,BE,Belgium,CEPA7,Protection against radiation (excluding external safety),0.0,16900000.0,0.0,16900000.0,16900000.0
2020,IE,Ireland,CEPA112_122,Protection of climate and ozone layer,15800000.0,,,0.0,15800000.0
2015,IE,Ireland,CEPA4,"Protection and remediation of soil, groundwater and surface water",3700000.0,0.0,1000000.0,1000000.0,4700000.0
2015,DE,Germany,CEPA2,Wastewater management,1417000000.0,4283000000.0,1181100000.0,5464100000.0,6881100000.0
2019,HR,Croatia,CEPA112_122,Protection of climate and ozone layer,0.0,,,0.0,0.0
2017,PL,Poland,CEPA2,Wastewater management,296800000.0,251600000.0,90000000.0,341600000.0,638400000.0
2019,CH,Switzerland,CEPA7-9,Protection against radiation; environmental research and development; other environmental protection activities,55400000.0,19300000.0,,19300000.0,74700000.0
2022,FI,Finland,CEPA2,Wastewater management,0.0,132000000.0,82400000.0,214400000.0,214400000.0
2021,BG,Bulgaria,CEPA2,Wastewater management,48200000.0,8000000.0,31600000.0,39600000.0,87800000.0
2014,BG,Bulgaria,CEPA9,Other environmental protection activities,12800000.0,0.0,2600000.0,2600000.0,15400000.0
2017,SI,Slovenia,CEPA1,Protection of ambient air and climate,500000.0,200000.0,36400000.0,36600000.0,37100000.0
2022,SI,Slovenia,CEPA2,Wastewater management,148900000.0,2700000.0,39400000.0,42100000.0,191000000.0
2020,PL,Poland,CEPA1,Protection of ambient air and climate,52500000.0,2300000.0,761100000.0,763400000.0,815900000.0
2015,NO,Norway,CEPA3,Waste management,56900000.0,298400000.0,44000000.0,342400000.0,399300000.0
2018,PL,Poland,CEPA2,Wastewater management,772800000.0,409900000.0,110300000.0,520200000.0,1293000000.0
2016,LT,Lithuania,CEPA6,Protection of biodiversity and landscapes,1700000.0,100000.0,100000.0,200000.0,1900000.0
2017,CH,Switzerland,CEPA6,Protection of biodiversity and landscapes,21900000.0,5400000.0,,5400000.0,27300000.0
2014,DE,Germany,CEPA1,Protection of ambient air and climate,,,857300000.0,857300000.0,857300000.0
2015,PT,Portugal,CEPA7-9,Protection against radiation; environmental research and development; other environmental protection activities,84400000.0,8900000.0,6600000.0,15500000.0,99900000.0
2020,AT,Austria,CEPA1,Protection of ambient air and climate,2200000.0,12500000.0,,12500000.0,14700000.0
2021,LT,Lithuania,CEPA6,Protection of biodiversity and landscapes,11800000.0,700000.0,0.0,700000.0,12500000.0
2016,RO,Romania,CEPA9,Other environmental protection activities,9200000.0,300000.0,16900000.0,17200000.0,26400000.0
2017,NO,Norway,CEPA4,"Protection and remediation of soil, groundwater and surface water",2400000.0,1900000.0,3800000.0,5700000.0,8100000.0
2014,SI,Slovenia,CEPA9,Other environmental protection activities,1600000.0,0.0,4600000.0,4600000.0,6200000.0
2020,MT,Malta,CEPA7-9,Protection against radiation; environmental research and development; other environmental protection activities,200000.0,0.0,0.0,0.0,200000.0
2014,CH,Switzerland,CEPA4,"Protection and remediation of soil, groundwater and surface water",20200000.0,1400000.0,,1400000.0,21600000.0
2020,AT,Austria,CEPA7,Protection against radiation (excluding external safety),200000.0,100000.0,,100000.0,300000.0
2018,SI,Slovenia,CEPA5,Noise and vibration abatement (excluding workplace protection),0.0,0.0,8300000.0,8300000.0,8300000.0
2016,SE,Sweden,CEPA4,"Protection and remediation of soil, groundwater and surface water",100000.0,2200000.0,,2200000.0,2300000.0
2019,BE,Belgium,CEPA3,Waste management,344000000.0,900500000.0,26900000.0,927400000.0,1271400000.0
2018,LT,Lithuania,CEPA5,Noise and vibration abatement (excluding workplace protection),0.0,0.0,1600000.0,1600000.0,1600000.0
2015,LT,Lithuania,CEPA5,Noise and vibration abatement (excluding workplace protection),0.0,0.0,1600000.0,1600000.0,1600000.0
2014,IE,Ireland,CEPA6,Protection of biodiversity and landscapes,12400000.0,0.0,2900000.0,2900000.0,15300000.0
2019,LT,Lithuania,CEPA4,"Protection and remediation of soil, groundwater and surface water",0.0,0.0,200000.0,200000.0,200000.0
2018,LT,Lithuania,CEPA4,"Protection and remediation of soil, groundwater and surface water",0.0,0.0,200000.0,200000.0,200000.0
2019,LV,Latvia,CEPA9,Other environmental protection activities,4100000.0,0.0,0.0,0.0,4100000.0
2016,PT,Portugal,CEPA8,Environmental research and development,60200000.0,12100000.0,0.0,12100000.0,72300000.0
2022,LV,Latvia,CEPA1,Protection of ambient air and climate,5400000.0,200000.0,34700000.0,34900000.0,40300000.0
2016,AT,Austria,CEPA1,Protection of ambient air and climate,0.0,7500000.0,141300000.0,148800000.0,148800000.0
2019,LT,Lithuania,CEPA8,Environmental research and development,0.0,0.0,100000.0,100000.0,100000.0
2017,DE,Germany,CEPA9,Other environmental protection activities,36000000.0,,,0.0,36000000.0
2018,PL,Poland,CEPA5,Noise and vibration abatement (excluding workplace protection),4500000.0,0.0,9200000.0,9200000.0,13700000.0
2020,BG,Bulgaria,CEPA4,"Protection and remediation of soil, groundwater and surface water",6600000.0,0.0,4400000.0,4400000.0,11000000.0
2014,BE,Belgium,CEPA8,Environmental research and development,1600000.0,1900000.0,36200000.0,38100000.0,39700000.0
2021,SE,Sweden,CEPA4,"Protection and remediation of soil, groundwater and surface water",100000.0,8300000.0,96400000.0,104700000.0,104800000.0
2014,RO,Romania,CEPA5,Noise and vibration abatement (excluding workplace protection),0.0,0.0,2200000.0,2200000.0,2200000.0
2020,LT,Lithuania,CEPA9,Other environmental protection activities,8100000.0,0.0,0.0,0.0,8100000.0
2014,IE,Ireland,CEPA112_122,Protection of climate and ozone layer,8500000.0,,,0.0,8500000.0
2019,RO,Romania,CEPA9,Other environmental protection activities,6800000.0,0.0,12700000.0,12700000.0,19500000.0
2014,CH,Switzerland,CEPA2,Wastewater management,461200000.0,238500000.0,70200000.0,308700000.0,769900000.0
2019,AT,Austria,CEPA2,Wastewater management,17000000.0,530100000.0,49900000.0,580000000.0,597000000.0
2014,RO,Romania,CEPA4,"Protection and remediation of soil, groundwater and surface water",161900000.0,500000.0,31500000.0,32000000.0,193900000.0
2021,DE,Germany,CEPA5,Noise and vibration abatement (excluding workplace protection),58000000.0,0.0,88400000.0,88400000.0,146400000.0
2020,RO,Romania,CEPA6,Protection of biodiversity and landscapes,0.0,0.0,1100000.0,1100000.0,1100000.0
2019,SE,Sweden,CEPA3,Waste management,785100000.0,268800000.0,76300000.0,345100000.0,1130200000.0
2022,SI,Slovenia,CEPA6,Protection of biodiversity and landscapes,4900000.0,0.0,,0.0,4900000.0
2021,NO,Norway,CEPA1,Protection of ambient air and climate,21100000.0,0.0,,0.0,21100000.0
2020,LT,Lithuania,CEPA4,"Protection and remediation of soil, groundwater and surface water",0.0,0.0,100000.0,100000.0,100000.0
2014,HR,Croatia,CEPA7,Protection against radiation (excluding external safety),0.0,0.0,100000.0,100000.0,100000.0
2019,BE,Belgium,CEPA2,Wastewater management,135100000.0,93300000.0,292600000.0,385900000.0,521000000.0
2016,NO,Norway,CEPA6,Protection of biodiversity and landscapes,73000000.0,,600000.0,600000.0,73600000.0
2018,NO,Norway,CEPA1,Protection of ambient air and climate,15400000.0,0.0,,0.0,15400000.0
2021,PT,Portugal,CEPA6,Protection of biodiversity and landscapes,20700000.0,7400000.0,,7400000.0,28100000.0
2018,CH,Switzerland,CEPA5,Noise and vibration abatement (excluding workplace protection),22800000.0,0.0,,0.0,22800000.0
2021,PL,Poland,CEPA1,Protection of ambient air and climate,57300000.0,4800000.0,871400000.0,876200000.0,933500000.0
2022,RO,Romania,CEPA2,Wastewater management,283100000.0,3400000.0,95600000.0,99000000.0,382100000.0
2014,NO,Norway,CEPA6,Protection of biodiversity and landscapes,64500000.0,,6900000.0,6900000.0,71400000.0
2017,SI,Slovenia,CEPA5,Noise and vibration abatement (excluding workplace protection),0.0,0.0,6400000.0,6400000.0,6400000.0
2014,RO,Romania,CEPA7-9,Protection against radiation; environmental research and development; other environmental protection activities,1800000.0,1500000.0,46700000.0,48200000.0,50000000.0
2014,DE,Germany,CEPA4,"Protection and remediation of soil, groundwater and surface water",,35000000.0,48300000.0,83300000.0,83300000.0
2020,CH,Switzerland,CEPA8,Environmental research and development,18800000.0,21900000.0,9600000.0,31500000.0,50300000.0
2021,FI,Finland,CEPA4,"Protection and remediation of soil, groundwater and surface water",8000000.0,6000000.0,38600000.0,44600000.0,52600000.0
2017,PL,Poland,CEPA7-9,Protection against radiation; environmental research and development; other environmental protection activities,95300000.0,500000.0,62800000.0,63300000.0,158600000.0
2018,EL,Greece,CEPA3,Waste management,233000000.0,39100000.0,2800000.0,41900000.0,274900000.0
2020,PT,Portugal,CEPA9,Other environmental protection activities,23500000.0,600000.0,,600000.0,24100000.0
2014,IE,Ireland,CEPA4,"Protection and remediation of soil, groundwater and surface water",1800000.0,0.0,3400000.0,3400000.0,5200000.0
2021,LV,Latvia,CEPA2,Wastewater management,1900000.0,48900000.0,2200000.0,51100000.0,53000000.0
2016,DE,Germany,CEPA4,"Protection and remediation of soil, groundwater and surface water",,59000000.0,151700000.0,210700000.0,210700000.0
2014,NO,Norway,CEPA1,Protection of ambient air and climate,7800000.0,,57300000.0,57300000.0,65100000.0
2020,AT,Austria,CEPA3,Waste management,25300000.0,303200000.0,,303200000.0,328500000.0
2017,LT,Lithuania,CEPA3,Waste management,2600000.0,7800000.0,900000.0,8700000.0,11300000.0
2021,IE,Ireland,CEPA7-9,Protection against radiation; environmental research and development; other environmental protection activities,10300000.0,0.0,,0.0,10300000.0
2018,DE,Germany,CEPA6,Protection of biodiversity and landscapes,161000000.0,0.0,48400000.0,48400000.0,209400000.0
2017,PL,Poland,CEPA1,Protection of ambient air and climate,33900000.0,2000000.0,508200000.0,510200000.0,544100000.0
2020,DE,Germany,CEPA3,Waste management,138900000.0,2245100000.0,352500000.0,2597600000.0,2736500000.0
2018,IE,Ireland,CEPA2,Wastewater management,371900000.0,1000000.0,10900000.0,11900000.0,383800000.0
2022,BE,Belgium,CEPA1,Protection of ambient air and climate,53500000.0,45100000.0,251800000.0,296900000.0,350400000.0
2021,NO,Norway,CEPA2,Wastewater management,655100000.0,14500000.0,,14500000.0,669600000.0
2021,AT,Austria,CEPA7,Protection against radiation (excluding external safety),100000.0,100000.0,,100000.0,200000.0
2015,HR,Croatia,CEPA5,Noise and vibration abatement (excluding workplace protection),0.0,0.0,1600000.0,1600000.0,1600000.0
2017,LV,Latvia,CEPA2,Wastewater management,3200000.0,26000000.0,,26000000.0,29200000.0
2022,IE,Ireland,CEPA9,Other environmental protection activities,9200000.0,,,0.0,9200000.0
2014,HR,Croatia,CEPA5,Noise and vibration abatement (excluding workplace protection),0.0,0.0,1600000.0,1600000.0,1600000.0
2018,MT,Malta,CEPA7-9,Protection against radiation; environmental research and development; other environmental protection activities,100000.0,0.0,0.0,0.0,100000.0
2016,MT,Malta,CEPA7-9,Protection against radiation; environmental research and development; other environmental protection activities,100000.0,0.0,0.0,0.0,100000.0
2022,LT,Lithuania,CEPA1,Protection of ambient air and climate,2800000.0,6100000.0,20400000.0,26500000.0,29300000.0
2021,BE,Belgium,CEPA6,Protection of biodiversity and landscapes,105700000.0,10300000.0,2300000.0,12600000.0,118300000.0
2019,RO,Romania,CEPA2,Wastewater management,326500000.0,900000.0,39600000.0,40500000.0,367000000.0
2021,LV,Latvia,CEPA3,Waste management,13400000.0,24200000.0,1800000.0,26000000.0,39400000.0
2015,IE,Ireland,CEPA112_122,Protection of climate and ozone layer,10700000.0,,,0.0,10700000.0
2020,BG,Bulgaria,CEPA1,Protection of ambient air and climate,200000.0,300000.0,104600000.0,104900000.0,105100000.0
2014,LV,Latvia,CEPA6,Protection of biodiversity and landscapes,800000.0,200000.0,,200000.0,1000000.0
2015,PT,Portugal,CEPA8,Environmental research and development,59200000.0,7900000.0,0.0,7900000.0,67100000.0
2021,DE,Germany,CEPA3,Waste management,130800000.0,2277200000.0,288000000.0,2565200000.0,2696000000.0
2014,CH,Switzerland,CEPA8,Environmental research and development,,15600000.0,,15600000.0,15600000.0
2021,PL,Poland,CEPA2,Wastewater management,660000000.0,514700000.0,163300000.0,678000000.0,1338000000.0
2021,PL,Poland,CEPA7-9,Protection against radiation; environmental research and development; other environmental protection activities,167500000.0,500000.0,91700000.0,92200000.0,259700000.0
2018,BE,Belgium,CEPA6,Protection of biodiversity and landscapes,64400000.0,7800000.0,2500000.0,10300000.0,74700000.0
2021,PT,Portugal,CEPA4,"Protection and remediation of soil, groundwater and surface water",0.0,48400000.0,,48400000.0,48400000.0
2020,FI,Finland,CEPA6,Protection of biodiversity and landscapes,12600000.0,0.0,2500000.0,2500000.0,15100000.0
2015,FI,Finland,CEPA7,Protection against radiation (excluding external safety),1800000.0,,,0.0,1800000.0
2018,IE,Ireland,CEPA4,"Protection and remediation of soil, groundwater and surface water",9700000.0,0.0,8300000.0,8300000.0,18000000.0
2018,IE,Ireland,CEPA1,Protection of ambient air and climate,9100000.0,0.0,20300000.0,20300000.0,29400000.0
2015,DE,Germany,CEPA3,Waste management,555000000.0,1213000000.0,232300000.0,1445300000.0,2000300000.0
2015,NO,Norway,CEPA1,Protection of ambient air and climate,14800000.0,,60600000.0,60600000.0,75400000.0
2018,FI,Finland,CEPA6,Protection of biodiversity and landscapes,9700000.0,0.0,200000.0,200000.0,9900000.0
2017,EL,Greece,CEPA7-9,Protection against radiation; environmental research and development; other environmental protection activities,0.0,0.0,3800000.0,3800000.0,3800000.0
2021,NO,Norway,CEPA5,Noise and vibration abatement (excluding workplace protection),11400000.0,0.0,,0.0,11400000.0
2022,CH,Switzerland,CEPA9,Other environmental protection activities,38000000.0,15300000.0,0.0,15300000.0,53300000.0
2020,BE,Belgium,CEPA2,Wastewater management,141400000.0,89300000.0,295700000.0,385000000.0,526400000.0
2020,MT,Malta,CEPA112_122,Protection of climate and ozone layer,0.0,0.0,0.0,0.0,0.0
2021,MT,Malta,CEPA112_122,Protection of climate and ozone layer,0.0,0.0,0.0,0.0,0.0
2015,SI,Slovenia,CEPA4,"Protection and remediation of soil, groundwater and surface water",3300000.0,500000.0,4200000.0,4700000.0,8000000.0
2021,PT,Portugal,CEPA3,Waste management,31400000.0,187800000.0,,187800000.0,219200000.0
2014,LV,Latvia,CEPA2,Wastewater management,7100000.0,50200000.0,,50200000.0,57300000.0
2015,CH,Switzerland,CEPA3,Waste management,513600000.0,228800000.0,68500000.0,297300000.0,810900000.0
2018,SI,Slovenia,CEPA4,"Protection and remediation of soil, groundwater and surface water",1000000.0,0.0,5800000.0,5800000.0,6800000.0
2015,SI,Slovenia,CEPA9,Other environmental protection activities,1700000.0,0.0,5100000.0,5100000.0,6800000.0
2019,AT,Austria,CEPA8,Environmental research and development,37400000.0,30500000.0,0.0,30500000.0,67900000.0
2021,LT,Lithuania,CEPA4,"Protection and remediation of soil, groundwater and surface water",0.0,0.0,300000.0,300000.0,300000.0
2019,LT,Lithuania,CEPA5,Noise and vibration abatement (excluding workplace protection),0.0,0.0,300000.0,300000.0,300000.0
2015,SE,Sweden,CEPA7,Protection against radiation (excluding external safety),400000.0,,,0.0,400000.0
2022,PL,Poland,CEPA4,"Protection and remediation of soil, groundwater and surface water",5800000.0,0.0,54600000.0,54600000.0,60400000.0
2014,BG,Bulgaria,CEPA3,Waste management,147100000.0,31100000.0,25000000.0,56100000.0,203200000.0
2022,PT,Portugal,CEPA2,Wastewater management,77900000.0,207700000.0,,207700000.0,285600000.0
2022,CH,Switzerland,CEPA7,Protection against radiation (excluding external safety),5900000.0,0.0,31500000.0,31500000.0,37400000.0
2016,RO,Romania,CEPA4,"Protection and remediation of soil, groundwater and surface water",400000.0,200000.0,43700000.0,43900000.0,44300000.0
2020,BG,Bulgaria,CEPA8,Environmental research and development,2800000.0,0.0,1900000.0,1900000.0,4700000.0
2021,DE,Germany,CEPA7-9,Protection against radiation; environmental research and development; other environmental protection activities,550600000.0,0.0,0.0,0.0,550600000.0
2019,IE,Ireland,CEPA6,Protection of biodiversity and landscapes,4500000.0,0.0,6900000.0,6900000.0,11400000.0
2015,IE,Ireland,CEPA2,Wastewater management,388800000.0,1000000.0,10300000.0,11300000.0,400100000.0
2017,CH,Switzerland,CEPA7,Protection against radiation (excluding external safety),,0.0,,0.0,0.0
2021,RO,Romania,CEPA5,Noise and vibration abatement (excluding workplace protection),1400000.0,0.0,1500000.0,1500000.0,2900000.0
2017,AT,Austria,CEPA5,Noise and vibration abatement (excluding workplace protection),0.0,2700000.0,0.0,2700000.0,2700000.0
2014,CH,Switzerland,CEPA7,Protection against radiation (excluding external safety),,0.0,,0.0,0.0
2019,PT,Portugal,CEPA6,Protection of biodiversity and landscapes,12300000.0,1800000.0,15800000.0,17600000.0,29900000.0
2015,CH,Switzerland,CEPA7,Protection against radiation (excluding external safety),,0.0,,0.0,0.0
2014,RO,Romania,CEPA2,Wastewater management,160700000.0,2500000.0,211900000.0,214400000.0,375100000.0
2018,CH,Switzerland,CEPA7,Protection against radiation (excluding external safety),,0.0,,0.0,0.0
2019,CH,Switzerland,CEPA7,Protection against radiation (excluding external safety),,0.0,,0.0,0.0
2016,CH,Switzerland,CEPA7,Protection against radiation (excluding external safety),,0.0,,0.0,0.0
2016,PL,Poland,CEPA7-9,Protection against radiation; environmental research and development; other environmental protection activities,59500000.0,600000.0,45000000.0,45600000.0,105100000.0
2014,BE,Belgium,CEPA7-9,Protection against radiation; environmental research and development; other environmental protection activities,33800000.0,35000000.0,59800000.0,94800000.0,128600000.0
2021,SE,Sweden,CEPA6,Protection of biodiversity and landscapes,24600000.0,0.0,5100000.0,5100000.0,29700000.0
2020,BG,Bulgaria,CEPA2,Wastewater management,85600000.0,400000.0,24600000.0,25000000.0,110600000.0
2016,PL,Poland,CEPA1,Protection of ambient air and climate,37800000.0,2800000.0,537100000.0,539900000.0,577700000.0
2019,BG,Bulgaria,CEPA2,Wastewater management,56100000.0,400000.0,22600000.0,23000000.0,79100000.0
2016,BE,Belgium,CEPA1,Protection of ambient air and climate,2000000.0,17100000.0,171100000.0,188200000.0,190200000.0
2014,PT,Portugal,CEPA7-9,Protection against radiation; environmental research and development; other environmental protection activities,68500000.0,11100000.0,,11100000.0,79600000.0
2014,PT,Portugal,CEPA1,Protection of ambient air and climate,0.0,2800000.0,38300000.0,41100000.0,41100000.0
2015,PL,Poland,CEPA3,Waste management,218800000.0,404600000.0,110200000.0,514800000.0,733600000.0
2021,PL,Poland,CEPA4,"Protection and remediation of soil, groundwater and surface water",7900000.0,0.0,6400000.0,6400000.0,14300000.0
2022,BE,Belgium,CEPA4,"Protection and remediation of soil, groundwater and surface water",3700000.0,51200000.0,39900000.0,91100000.0,94800000.0
2021,LT,Lithuania,CEPA9,Other environmental protection activities,7300000.0,0.0,0.0,0.0,7300000.0
2021,CH,Switzerland,CEPA9,Other environmental protection activities,34400000.0,15600000.0,0.0,15600000.0,50000000.0
2017,SI,Slovenia,CEPA7-9,Protection against radiation; environmental research and development; other environmental protection activities,12700000.0,0.0,12300000.0,12300000.0,25000000.0
2017,BG,Bulgaria,CEPA6,Protection of biodiversity and landscapes,300000.0,0.0,300000.0,300000.0,600000.0
2019,CH,Switzerland,CEPA8,Environmental research and development,,9700000.0,,9700000.0,9700000.0
2022,PL,Poland,CEPA5,Noise and vibration abatement (excluding workplace protection),10600000.0,0.0,10600000.0,10600000.0,21200000.0
2022,IE,Ireland,CEPA112_122,Protection of climate and ozone layer,5200000.0,,,0.0,5200000.0
2021,RO,Romania,CEPA6,Protection of biodiversity and landscapes,0.0,0.0,2400000.0,2400000.0,2400000.0
2021,BG,Bulgaria,CEPA9,Other environmental protection activities,13200000.0,700000.0,2700000.0,3400000.0,16600000.0
2017,BG,Bulgaria,CEPA8,Environmental research and development,300000.0,0.0,600000.0,600000.0,900000.0
2020,PT,Portugal,CEPA2,Wastewater management,72300000.0,127500000.0,,127500000.0,199800000.0
2022,HR,Croatia,CEPA6,Protection of biodiversity and landscapes,1200000.0,100000.0,,100000.0,1300000.0
2021,FI,Finland,CEPA9,Other environmental protection activities,7900000.0,0.0,23900000.0,23900000.0,31800000.0
2022,RO,Romania,CEPA7-9,Protection against radiation; environmental research and development; other environmental protection activities,22300000.0,0.0,7700000.0,7700000.0,30000000.0
2016,IE,Ireland,CEPA1,Protection of ambient air and climate,7900000.0,0.0,8300000.0,8300000.0,16200000.0
2022,NO,Norway,CEPA6,Protection of biodiversity and landscapes,80700000.0,0.0,,0.0,80700000.0
2015,BG,Bulgaria,CEPA5,Noise and vibration abatement (excluding workplace protection),0.0,0.0,100000.0,100000.0,100000.0
2014,AT,Austria,CEPA8,Environmental research and development,,10400000.0,0.0,10400000.0,10400000.0
2017,RO,Romania,CEPA1,Protection of ambient air and climate,1800000.0,0.0,43100000.0,43100000.0,44900000.0
2015,FI,Finland,CEPA9,Other environmental protection activities,12600000.0,,,0.0,12600000.0
2014,RO,Romania,CEPA9,Other environmental protection activities,1800000.0,1500000.0,41300000.0,42800000.0,44600000.0
2017,AT,Austria,CEPA2,Wastewater management,7400000.0,449800000.0,38300000.0,488100000.0,495500000.0
2019,RO,Romania,CEPA7,Protection against radiation (excluding external safety),500000.0,0.0,100000.0,100000.0,600000.0
2022,MT,Malta,CEPA2,Wastewater management,0.0,24800000.0,200000.0,25000000.0,25000000.0
2019,HR,Croatia,CEPA4,"Protection and remediation of soil, groundwater and surface water",19700000.0,200000.0,,200000.0,19900000.0
2021,MT,Malta,CEPA3,Waste management,11600000.0,7100000.0,4900000.0,12000000.0,23600000.0
2018,FI,Finland,CEPA7-9,Protection against radiation; environmental research and development; other environmental protection activities,18700000.0,0.0,11100000.0,11100000.0,29800000.0
2014,SI,Slovenia,CEPA8,Environmental research and development,8900000.0,0.0,0.0,0.0,8900000.0
2019,DE,Germany,CEPA3,Waste management,142900000.0,2023100000.0,419100000.0,2442200000.0,2585100000.0
2019,CH,Switzerland,CEPA1,Protection of ambient air and climate,3600000.0,3300000.0,118800000.0,122100000.0,125700000.0
2017,BG,Bulgaria,CEPA7-9,Protection against radiation; environmental research and development; other environmental protection activities,1500000.0,0.0,5300000.0,5300000.0,6800000.0
2016,IE,Ireland,CEPA3,Waste management,23200000.0,48600000.0,10000000.0,58600000.0,81800000.0
2015,RO,Romania,CEPA8,Environmental research and development,0.0,0.0,2000000.0,2000000.0,2000000.0
2019,DE,Germany,CEPA4,"Protection and remediation of soil, groundwater and surface water",320600000.0,73000000.0,325300000.0,398300000.0,718900000.0
2015,BG,Bulgaria,CEPA9,Other environmental protection activities,200000.0,100000.0,5300000.0,5400000.0,5600000.0
2018,BE,Belgium,CEPA5,Noise and vibration abatement (excluding workplace protection),700000.0,40100000.0,22500000.0,62600000.0,63300000.0
2018,AT,Austria,CEPA5,Noise and vibration abatement (excluding workplace protection),0.0,3100000.0,0.0,3100000.0,3100000.0
2020,BE,Belgium,CEPA5,Noise and vibration abatement (excluding workplace protection),1200000.0,37300000.0,22900000.0,60200000.0,61400000.0
2020,IE,Ireland,CEPA7-9,Protection against radiation; environmental research and development; other environmental protection activities,7800000.0,0.0,,0.0,7800000.0
2018,SI,Slovenia,CEPA7-9,Protection against radiation; environmental research and development; other environmental protection activities,14300000.0,0.0,31000000.0,31000000.0,45300000.0
2018,DE,Germany,CEPA4,"Protection and remediation of soil, groundwater and surface water",378800000.0,70000000.0,298100000.0,368100000.0,746900000.0
2015,LT,Lithuania,CEPA4,"Protection and remediation of soil, groundwater and surface water",0.0,300000.0,600000.0,900000.0,900000.0
2021,LV,Latvia,CEPA7-9,Protection against radiation; environmental research and development; other environmental protection activities,8500000.0,0.0,0.0,0.0,8500000.0
2016,EL,Greece,CEPA4,"Protection and remediation of soil, groundwater and surface water",0.0,3100000.0,0.0,3100000.0,3100000.0
2015,NO,Norway,CEPA4,"Protection and remediation of soil, groundwater and surface water",2000000.0,400000.0,45500000.0,45900000.0,47900000.0
2016,MT,Malta,CEPA2,Wastewater management,300000.0,500000.0,100000.0,600000.0,900000.0
2021,IE,Ireland,CEPA3,Waste management,21400000.0,74500000.0,,74500000.0,95900000.0
2015,SE,Sweden,CEPA6,Protection of biodiversity and landscapes,19400000.0,,,0.0,19400000.0
2020,PL,Poland,CEPA2,Wastewater management,693200000.0,505900000.0,102900000.0,608800000.0,1302000000.0
2017,LV,Latvia,CEPA5,Noise and vibration abatement (excluding workplace protection),0.0,,,0.0,0.0
2016,LV,Latvia,CEPA5,Noise and vibration abatement (excluding workplace protection),0.0,,,0.0,0.0
2018,PT,Portugal,CEPA3,Waste management,2100000.0,170300000.0,10300000.0,180600000.0,182700000.0
2020,LV,Latvia,CEPA7,Protection against radiation (excluding external safety),0.0,,,0.0,0.0
2020,LV,Latvia,CEPA8,Environmental research and development,0.0,,,0.0,0.0
2015,LV,Latvia,CEPA5,Noise and vibration abatement (excluding workplace protection),0.0,,,0.0,0.0
2015,BG,Bulgaria,CEPA7-9,Protection against radiation; environmental research and development; other environmental protection activities,300000.0,100000.0,5800000.0,5900000.0,6200000.0
2014,LV,Latvia,CEPA5,Noise and vibration abatement (excluding workplace protection),0.0,,,0.0,0.0
2019,SI,Slovenia,CEPA4,"Protection and remediation of soil, groundwater and surface water",1600000.0,0.0,9600000.0,9600000.0,11200000.0
2016,NO,Norway,CEPA3,Waste management,78000000.0,109300000.0,32800000.0,142100000.0,220100000.0
2018,DE,Germany,CEPA7-9,Protection against radiation; environmental research and development; other environmental protection activities,443900000.0,0.0,0.0,0.0,443900000.0
2021,LT,Lithuania,CEPA1,Protection of ambient air and climate,2400000.0,11200000.0,18100000.0,29300000.0,31700000.0
2015,CH,Switzerland,CEPA9,Other environmental protection activities,,16400000.0,,16400000.0,16400000.0
2019,NO,Norway,CEPA7-9,Protection against radiation; environmental research and development; other environmental protection activities,11800000.0,0.0,,0.0,11800000.0
2019,PT,Portugal,CEPA7-9,Protection against radiation; environmental research and development; other environmental protection activities,79600000.0,18100000.0,2500000.0,20600000.0,100200000.0
2014,EL,Greece,CEPA1,Protection of ambient air and climate,0.0,0.0,4300000.0,4300000.0,4300000.0
2022,RO,Romania,CEPA5,Noise and vibration abatement (excluding workplace protection),1400000.0,0.0,12700000.0,12700000.0,14100000.0
2019,HR,Croatia,CEPA3,Waste management,45100000.0,30100000.0,,30100000.0,75200000.0
2016,AT,Austria,CEPA9,Other environmental protection activities,,53400000.0,100000.0,53500000.0,53500000.0
2021,IE,Ireland,CEPA8,Environmental research and development,2400000.0,,,0.0,2400000.0
2014,SE,Sweden,CEPA7,Protection against radiation (excluding external safety),100000.0,,,0.0,100000.0
2021,BE,Belgium,CEPA3,Waste management,181100000.0,703500000.0,28500000.0,732000000.0,913100000.0
2020,LT,Lithuania,CEPA5,Noise and vibration abatement (excluding workplace protection),0.0,0.0,22700000.0,22700000.0,22700000.0
2021,IE,Ireland,CEPA7,Protection against radiation (excluding external safety),0.0,,,0.0,0.0
2020,IE,Ireland,CEPA7,Protection against radiation (excluding external safety),0.0,,,0.0,0.0
2020,IE,Ireland,CEPA8,Environmental research and development,0.0,,,0.0,0.0
2022,IE,Ireland,CEPA7,Protection against radiation (excluding external safety),0.0,,,0.0,0.0
2015,LV,Latvia,CEPA2,Wastewater management,5000000.0,47500000.0,,47500000.0,52500000.0
2019,RO,Romania,CEPA6,Protection of biodiversity and landscapes,0.0,0.0,1000000.0,1000000.0,1000000.0
2019,IE,Ireland,CEPA1,Protection of ambient air and climate,9200000.0,0.0,14700000.0,14700000.0,23900000.0
2020,BG,Bulgaria,CEPA3,Waste management,69200000.0,10200000.0,11800000.0,22000000.0,91200000.0
2020,NO,Norway,CEPA1,Protection of ambient air and climate,22100000.0,0.0,,0.0,22100000.0
2014,LV,Latvia,CEPA1,Protection of ambient air and climate,17300000.0,3700000.0,,3700000.0,21000000.0
2016,FI,Finland,CEPA2,Wastewater management,200000.0,166000000.0,,166000000.0,166200000.0
2017,LV,Latvia,CEPA7-9,Protection against radiation; environmental research and development; other environmental protection activities,5000000.0,,,0.0,5000000.0
2019,DE,Germany,CEPA8,Environmental research and development,433000000.0,,,0.0,433000000.0
2014,LT,Lithuania,CEPA3,Waste management,15400000.0,25000000.0,2400000.0,27400000.0,42800000.0
2015,LT,Lithuania,CEPA1,Protection of ambient air and climate,900000.0,1000000.0,57300000.0,58300000.0,59200000.0
2015,AT,Austria,CEPA3,Waste management,4900000.0,136700000.0,11200000.0,147900000.0,152800000.0
2014,BE,Belgium,CEPA5,Noise and vibration abatement (excluding workplace protection),600000.0,28400000.0,18200000.0,46600000.0,47200000.0
2014,BG,Bulgaria,CEPA2,Wastewater management,408600000.0,2300000.0,17200000.0,19500000.0,428100000.0
2014,SE,Sweden,CEPA1,Protection of ambient air and climate,33300000.0,,,0.0,33300000.0
2019,MT,Malta,CEPA3,Waste management,17000000.0,6900000.0,4200000.0,11100000.0,28100000.0
2019,IE,Ireland,CEPA112_122,Protection of climate and ozone layer,9200000.0,,,0.0,9200000.0
2019,RO,Romania,CEPA4,"Protection and remediation of soil, groundwater and surface water",1000000.0,3100000.0,46700000.0,49800000.0,50800000.0
2022,BG,Bulgaria,CEPA2,Wastewater management,33700000.0,7000000.0,28900000.0,35900000.0,69600000.0
2014,BG,Bulgaria,CEPA1,Protection of ambient air and climate,1700000.0,0.0,174900000.0,174900000.0,176600000.0
2014,MT,Malta,CEPA112_122,Protection of climate and ozone layer,0.0,0.0,0.0,0.0,0.0
2020,RO,Romania,CEPA9,Other environmental protection activities,9700000.0,0.0,8000000.0,8000000.0,17700000.0
2015,MT,Malta,CEPA112_122,Protection of climate and ozone layer,0.0,0.0,0.0,0.0,0.0
2018,MT,Malta,CEPA112_122,Protection of climate and ozone layer,0.0,0.0,0.0,0.0,0.0
2016,MT,Malta,CEPA112_122,Protection of climate and ozone layer,0.0,0.0,0.0,0.0,0.0
2019,MT,Malta,CEPA112_122,Protection of climate and ozone layer,0.0,0.0,0.0,0.0,0.0
2022,MT,Malta,CEPA112_122,Protection of climate and ozone layer,0.0,0.0,0.0,0.0,0.0
2017,MT,Malta,CEPA112_122,Protection of climate and ozone layer,0.0,0.0,0.0,0.0,0.0
2022,CH,Switzerland,CEPA7-9,Protection against radiation; environmental research and development; other environmental protection activities,63500000.0,35100000.0,42000000.0,77100000.0,140600000.0
2016,CH,Switzerland,CEPA3,Waste management,488300000.0,249300000.0,55800000.0,305100000.0,793400000.0
2016,NO,Norway,CEPA112_122,Protection of climate and ozone layer,,,0.0,0.0,0.0
2017,NO,Norway,CEPA112_122,Protection of climate and ozone layer,,,0.0,0.0,0.0
2015,NO,Norway,CEPA112_122,Protection of climate and ozone layer,,,0.0,0.0,0.0
2022,BE,Belgium,CEPA7-9,Protection against radiation; environmental research and development; other environmental protection activities,60000000.0,58600000.0,112700000.0,171300000.0,231300000.0
2018,SE,Sweden,CEPA6,Protection of biodiversity and landscapes,27400000.0,0.0,2100000.0,2100000.0,29500000.0
2022,HR,Croatia,CEPA2,Wastewater management,41300000.0,24400000.0,,24400000.0,65700000.0
2014,NO,Norway,CEPA112_122,Protection of climate and ozone layer,,,0.0,0.0,0.0
2015,SI,Slovenia,CEPA7,Protection against radiation (excluding external safety),0.0,,,0.0,0.0
2014,SI,Slovenia,CEPA7,Protection against radiation (excluding external safety),0.0,,,0.0,0.0
2017,SI,Slovenia,CEPA7,Protection against radiation (excluding external safety),0.0,,,0.0,0.0
2016,SI,Slovenia,CEPA7,Protection against radiation (excluding external safety),0.0,,,0.0,0.0
2018,AT,Austria,CEPA9,Other environmental protection activities,4800000.0,76400000.0,39000000.0,115400000.0,120200000.0
2018,SI,Slovenia,CEPA7,Protection against radiation (excluding external safety),0.0,,,0.0,0.0
2015,SE,Sweden,CEPA5,Noise and vibration abatement (excluding workplace protection),0.0,,,0.0,0.0
2014,SE,Sweden,CEPA5,Noise and vibration abatement (excluding workplace protection),0.0,,,0.0,0.0
2020,FI,Finland,CEPA4,"Protection and remediation of soil, groundwater and surface water",1900000.0,2000000.0,35600000.0,37600000.0,39500000.0
2015,SE,Sweden,CEPA8,Environmental research and development,9900000.0,,,0.0,9900000.0
2018,AT,Austria,CEPA3,Waste management,18200000.0,294400000.0,35400000.0,329800000.0,348000000.0
2020,DE,Germany,CEPA5,Noise and vibration abatement (excluding workplace protection),457500000.0,0.0,81300000.0,81300000.0,538800000.0
2020,AT,Austria,CEPA4,"Protection and remediation of soil, groundwater and surface water",2000000.0,99900000.0,,99900000.0,101900000.0
2019,SI,Slovenia,CEPA112_122,Protection of climate and ozone layer,,0.0,8500000.0,8500000.0,8500000.0
2014,EL,Greece,CEPA8,Environmental research and development,0.0,0.0,0.0,0.0,0.0
2015,EL,Greece,CEPA7,Protection against radiation (excluding external safety),0.0,0.0,0.0,0.0,0.0
2014,EL,Greece,CEPA7,Protection against radiation (excluding external safety),0.0,0.0,0.0,0.0,0.0
2015,EL,Greece,CEPA8,Environmental research and development,0.0,0.0,0.0,0.0,0.0
2018,EL,Greece,CEPA8,Environmental research and development,0.0,0.0,0.0,0.0,0.0
2016,EL,Greece,CEPA8,Environmental research and development,0.0,0.0,0.0,0.0,0.0
2019,EL,Greece,CEPA7,Protection against radiation (excluding external safety),0.0,0.0,0.0,0.0,0.0
2016,LV,Latvia,CEPA7-9,Protection against radiation; environmental research and development; other environmental protection activities,4900000.0,,,0.0,4900000.0
2018,EL,Greece,CEPA7,Protection against radiation (excluding external safety),0.0,0.0,0.0,0.0,0.0
2019,EL,Greece,CEPA8,Environmental research and development,0.0,0.0,0.0,0.0,0.0
2015,EL,Greece,CEPA5,Noise and vibration abatement (excluding workplace protection),0.0,0.0,0.0,0.0,0.0
2017,EL,Greece,CEPA7,Protection against radiation (excluding external safety),0.0,0.0,0.0,0.0,0.0
2022,EL,Greece,CEPA8,Environmental research and development,0.0,0.0,0.0,0.0,0.0
2014,EL,Greece,CEPA5,Noise and vibration abatement (excluding workplace protection),0.0,0.0,0.0,0.0,0.0
2016,EL,Greece,CEPA7,Protection against radiation (excluding external safety),0.0,0.0,0.0,0.0,0.0
2017,EL,Greece,CEPA8,Environmental research and development,0.0,0.0,0.0,0.0,0.0
2020,EL,Greece,CEPA8,Environmental research and development,0.0,0.0,0.0,0.0,0.0
2022,EL,Greece,CEPA7,Protection against radiation (excluding external safety),0.0,0.0,0.0,0.0,0.0
2018,BE,Belgium,CEPA2,Wastewater management,160700000.0,89700000.0,269500000.0,359200000.0,519900000.0
2019,EL,Greece,CEPA5,Noise and vibration abatement (excluding workplace protection),0.0,0.0,0.0,0.0,0.0
2021,EL,Greece,CEPA7,Protection against radiation (excluding external safety),0.0,0.0,0.0,0.0,0.0
2018,EL,Greece,CEPA5,Noise and vibration abatement (excluding workplace protection),0.0,0.0,0.0,0.0,0.0
2020,EL,Greece,CEPA7,Protection against radiation (excluding external safety),0.0,0.0,0.0,0.0,0.0
2021,EL,Greece,CEPA8,Environmental research and development,0.0,0.0,0.0,0.0,0.0
2018,CH,Switzerland,CEPA6,Protection of biodiversity and landscapes,25700000.0,6900000.0,,6900000.0,32600000.0
2017,EL,Greece,CEPA5,Noise and vibration abatement (excluding workplace protection),0.0,0.0,0.0,0.0,0.0
2022,EL,Greece,CEPA6,Protection of biodiversity and landscapes,0.0,0.0,0.0,0.0,0.0
2016,EL,Greece,CEPA5,Noise and vibration abatement (excluding workplace protection),0.0,0.0,0.0,0.0,0.0
2016,SI,Slovenia,CEPA9,Other environmental protection activities,18500000.0,0.0,8200000.0,8200000.0,26700000.0
2020,BE,Belgium,CEPA8,Environmental research and development,3100000.0,2800000.0,58100000.0,60900000.0,64000000.0
2020,EL,Greece,CEPA6,Protection of biodiversity and landscapes,0.0,0.0,0.0,0.0,0.0
2022,EL,Greece,CEPA5,Noise and vibration abatement (excluding workplace protection),0.0,0.0,0.0,0.0,0.0
2021,EL,Greece,CEPA5,Noise and vibration abatement (excluding workplace protection),0.0,0.0,0.0,0.0,0.0
2020,EL,Greece,CEPA5,Noise and vibration abatement (excluding workplace protection),0.0,0.0,0.0,0.0,0.0
2017,DE,Germany,CEPA3,Waste management,651000000.0,1634800000.0,326600000.0,1961400000.0,2612400000.0
2019,CH,Switzerland,CEPA3,Waste management,493000000.0,239200000.0,42800000.0,282000000.0,775000000.0
2019,FI,Finland,CEPA5,Noise and vibration abatement (excluding workplace protection),8500000.0,0.0,2300000.0,2300000.0,10800000.0
2020,LT,Lithuania,CEPA3,Waste management,3900000.0,16700000.0,700000.0,17400000.0,21300000.0
2017,RO,Romania,CEPA3,Waste management,76300000.0,28700000.0,15100000.0,43800000.0,120100000.0
2014,BE,Belgium,CEPA3,Waste management,128200000.0,602200000.0,22200000.0,624400000.0,752600000.0
2021,DE,Germany,CEPA6,Protection of biodiversity and landscapes,183000000.0,0.0,66500000.0,66500000.0,249500000.0
2020,PL,Poland,CEPA4,"Protection and remediation of soil, groundwater and surface water",7000000.0,0.0,35000000.0,35000000.0,42000000.0
2017,EL,Greece,CEPA1,Protection of ambient air and climate,0.0,0.0,14300000.0,14300000.0,14300000.0
2020,LV,Latvia,CEPA3,Waste management,10600000.0,28700000.0,200000.0,28900000.0,39500000.0
2018,PL,Poland,CEPA7-9,Protection against radiation; environmental research and development; other environmental protection activities,175800000.0,1000000.0,68700000.0,69700000.0,245500000.0
2022,RO,Romania,CEPA8,Environmental research and development,0.0,0.0,100000.0,100000.0,100000.0
2016,RO,Romania,CEPA7,Protection against radiation (excluding external safety),0.0,0.0,100000.0,100000.0,100000.0
2019,PT,Portugal,CEPA1,Protection of ambient air and climate,0.0,5800000.0,71900000.0,77700000.0,77700000.0
2017,SE,Sweden,CEPA4,"Protection and remediation of soil, groundwater and surface water",100000.0,1600000.0,,1600000.0,1700000.0
2017,BE,Belgium,CEPA9,Other environmental protection activities,27900000.0,24800000.0,26600000.0,51400000.0,79300000.0
2017,PT,Portugal,CEPA2,Wastewater management,152700000.0,49900000.0,41700000.0,91600000.0,244300000.0
2015,BG,Bulgaria,CEPA7,Protection against radiation (excluding external safety),0.0,0.0,0.0,0.0,0.0
2019,CH,Switzerland,CEPA2,Wastewater management,529200000.0,191100000.0,75200000.0,266300000.0,795500000.0
2022,BE,Belgium,CEPA7,Protection against radiation (excluding external safety),100000.0,28200000.0,100000.0,28300000.0,28400000.0
2014,BG,Bulgaria,CEPA7,Protection against radiation (excluding external safety),0.0,0.0,0.0,0.0,0.0
2018,LV,Latvia,CEPA6,Protection of biodiversity and landscapes,2200000.0,700000.0,0.0,700000.0,2900000.0
2019,BG,Bulgaria,CEPA7,Protection against radiation (excluding external safety),0.0,0.0,0.0,0.0,0.0
2018,BG,Bulgaria,CEPA7,Protection against radiation (excluding external safety),0.0,0.0,0.0,0.0,0.0
2017,BG,Bulgaria,CEPA7,Protection against radiation (excluding external safety),0.0,0.0,0.0,0.0,0.0
2014,BG,Bulgaria,CEPA5,Noise and vibration abatement (excluding workplace protection),0.0,0.0,0.0,0.0,0.0
2016,BG,Bulgaria,CEPA7,Protection against radiation (excluding external safety),0.0,0.0,0.0,0.0,0.0
2022,BG,Bulgaria,CEPA7,Protection against radiation (excluding external safety),0.0,0.0,0.0,0.0,0.0
2019,BG,Bulgaria,CEPA5,Noise and vibration abatement (excluding workplace protection),0.0,0.0,0.0,0.0,0.0
2021,BG,Bulgaria,CEPA7,Protection against radiation (excluding external safety),0.0,0.0,0.0,0.0,0.0
2020,BG,Bulgaria,CEPA7,Protection against radiation (excluding external safety),0.0,0.0,0.0,0.0,0.0
2014,EL,Greece,CEPA4,"Protection and remediation of soil, groundwater and surface water",0.0,1000000.0,0.0,1000000.0,1000000.0
2017,BG,Bulgaria,CEPA5,Noise and vibration abatement (excluding workplace protection),0.0,0.0,0.0,0.0,0.0
2016,BG,Bulgaria,CEPA5,Noise and vibration abatement (excluding workplace protection),0.0,0.0,0.0,0.0,0.0
2016,BE,Belgium,CEPA6,Protection of biodiversity and landscapes,53400000.0,7700000.0,2200000.0,9900000.0,63300000.0
2019,BE,Belgium,CEPA7-9,Protection against radiation; environmental research and development; other environmental protection activities,47400000.0,54700000.0,84400000.0,139100000.0,186500000.0
2020,LT,Lithuania,CEPA7-9,Protection against radiation; environmental research and development; other environmental protection activities,23000000.0,1300000.0,100000.0,1400000.0,24400000.0
2019,PT,Portugal,CEPA9,Other environmental protection activities,19400000.0,600000.0,1700000.0,2300000.0,21700000.0
2014,SE,Sweden,CEPA9,Other environmental protection activities,34200000.0,,,0.0,34200000.0
2017,PT,Portugal,CEPA1,Protection of ambient air and climate,0.0,9800000.0,41900000.0,51700000.0,51700000.0
2020,NO,Norway,CEPA3,Waste management,81400000.0,107200000.0,,107200000.0,188600000.0
2020,SE,Sweden,CEPA6,Protection of biodiversity and landscapes,14600000.0,0.0,3000000.0,3000000.0,17600000.0
2016,SI,Slovenia,CEPA2,Wastewater management,56000000.0,500000.0,30900000.0,31400000.0,87400000.0
2016,NO,Norway,CEPA5,Noise and vibration abatement (excluding workplace protection),13100000.0,,400000.0,400000.0,13500000.0
2016,EL,Greece,CEPA6,Protection of biodiversity and landscapes,1000000.0,0.0,0.0,0.0,1000000.0
2019,CH,Switzerland,CEPA6,Protection of biodiversity and landscapes,35200000.0,6700000.0,,6700000.0,41900000.0
2019,EL,Greece,CEPA6,Protection of biodiversity and landscapes,1000000.0,0.0,0.0,0.0,1000000.0
2018,EL,Greece,CEPA6,Protection of biodiversity and landscapes,1000000.0,0.0,0.0,0.0,1000000.0
2020,LV,Latvia,CEPA2,Wastewater management,2700000.0,34800000.0,1300000.0,36100000.0,38800000.0
2015,EL,Greece,CEPA6,Protection of biodiversity and landscapes,1000000.0,0.0,0.0,0.0,1000000.0
2014,EL,Greece,CEPA6,Protection of biodiversity and landscapes,1000000.0,0.0,0.0,0.0,1000000.0
2021,EL,Greece,CEPA4,"Protection and remediation of soil, groundwater and surface water",0.0,500000.0,0.0,500000.0,500000.0
2015,PL,Poland,CEPA4,"Protection and remediation of soil, groundwater and surface water",8900000.0,0.0,7600000.0,7600000.0,16500000.0
2016,PL,Poland,CEPA8,Environmental research and development,0.0,0.0,1000000.0,1000000.0,1000000.0
2021,EL,Greece,CEPA6,Protection of biodiversity and landscapes,1000000.0,0.0,0.0,0.0,1000000.0
2022,NO,Norway,CEPA1,Protection of ambient air and climate,9800000.0,0.0,,0.0,9800000.0
2017,BE,Belgium,CEPA2,Wastewater management,133700000.0,72500000.0,255400000.0,327900000.0,461600000.0
2017,EL,Greece,CEPA6,Protection of biodiversity and landscapes,1000000.0,0.0,0.0,0.0,1000000.0
2019,BG,Bulgaria,CEPA6,Protection of biodiversity and landscapes,400000.0,0.0,300000.0,300000.0,700000.0
2022,AT,Austria,CEPA7,Protection against radiation (excluding external safety),400000.0,200000.0,,200000.0,600000.0
2020,FI,Finland,CEPA7-9,Protection against radiation; environmental research and development; other environmental protection activities,12700000.0,0.0,2500000.0,2500000.0,15200000.0
2022,IE,Ireland,CEPA4,"Protection and remediation of soil, groundwater and surface water",100000.0,100000.0,,100000.0,200000.0
2019,BE,Belgium,CEPA1,Protection of ambient air and climate,4600000.0,20400000.0,214800000.0,235200000.0,239800000.0
2018,RO,Romania,CEPA7,Protection against radiation (excluding external safety),600000.0,0.0,100000.0,100000.0,700000.0
2014,DE,Germany,CEPA112_122,Protection of climate and ozone layer,,,251700000.0,251700000.0,251700000.0
2017,IE,Ireland,CEPA6,Protection of biodiversity and landscapes,10800000.0,0.0,700000.0,700000.0,11500000.0
2021,IE,Ireland,CEPA6,Protection of biodiversity and landscapes,2500000.0,0.0,,0.0,2500000.0
2020,HR,Croatia,CEPA7-9,Protection against radiation; environmental research and development; other environmental protection activities,500000.0,0.0,,0.0,500000.0
2016,HR,Croatia,CEPA1,Protection of ambient air and climate,500000.0,200000.0,24300000.0,24500000.0,25000000.0
2017,SE,Sweden,CEPA1,Protection of ambient air and climate,52300000.0,0.0,,0.0,52300000.0
2014,FI,Finland,CEPA2,Wastewater management,100000.0,208000000.0,,208000000.0,208100000.0
2018,LT,Lithuania,CEPA2,Wastewater management,1700000.0,27000000.0,18300000.0,45300000.0,47000000.0
2016,CH,Switzerland,CEPA1,Protection of ambient air and climate,1400000.0,3900000.0,144700000.0,148600000.0,150000000.0
2014,HR,Croatia,CEPA9,Other environmental protection activities,100000.0,0.0,600000.0,600000.0,700000.0
2017,PL,Poland,CEPA8,Environmental research and development,0.0,0.0,4200000.0,4200000.0,4200000.0
2015,PT,Portugal,CEPA1,Protection of ambient air and climate,0.0,1800000.0,41900000.0,43700000.0,43700000.0
2015,FI,Finland,CEPA8,Environmental research and development,100000.0,,,0.0,100000.0
2014,FI,Finland,CEPA8,Environmental research and development,100000.0,,,0.0,100000.0
2022,SI,Slovenia,CEPA4,"Protection and remediation of soil, groundwater and surface water",13500000.0,0.0,8900000.0,8900000.0,22400000.0
2016,HR,Croatia,CEPA9,Other environmental protection activities,100000.0,0.0,600000.0,600000.0,700000.0
2022,SI,Slovenia,CEPA112_122,Protection of climate and ozone layer,,0.0,,0.0,0.0
2014,AT,Austria,CEPA7-9,Protection against radiation; environmental research and development; other environmental protection activities,0.0,62000000.0,400000.0,62400000.0,62400000.0
2019,BE,Belgium,CEPA5,Noise and vibration abatement (excluding workplace protection),1200000.0,36900000.0,24000000.0,60900000.0,62100000.0
2017,HR,Croatia,CEPA3,Waste management,36300000.0,26200000.0,3800000.0,30000000.0,66300000.0
2022,LV,Latvia,CEPA6,Protection of biodiversity and landscapes,600000.0,0.0,200000.0,200000.0,800000.0
2019,NO,Norway,CEPA3,Waste management,116900000.0,124900000.0,,124900000.0,241800000.0
2014,FI,Finland,CEPA4,"Protection and remediation of soil, groundwater and surface water",1000000.0,7000000.0,,7000000.0,8000000.0
2020,LV,Latvia,CEPA6,Protection of biodiversity and landscapes,500000.0,0.0,0.0,0.0,500000.0
2014,SI,Slovenia,CEPA1,Protection of ambient air and climate,7400000.0,300000.0,108600000.0,108900000.0,116300000.0
2021,LV,Latvia,CEPA1,Protection of ambient air and climate,10300000.0,800000.0,34200000.0,35000000.0,45300000.0
2019,BE,Belgium,CEPA9,Other environmental protection activities,43000000.0,24700000.0,28900000.0,53600000.0,96600000.0
2014,MT,Malta,CEPA9,Other environmental protection activities,1000000.0,0.0,0.0,0.0,1000000.0
2015,RO,Romania,CEPA2,Wastewater management,174800000.0,5000000.0,263400000.0,268400000.0,443200000.0
2020,HR,Croatia,CEPA2,Wastewater management,38200000.0,22600000.0,,22600000.0,60800000.0
2020,MT,Malta,CEPA6,Protection of biodiversity and landscapes,1000000.0,0.0,0.0,0.0,1000000.0
2021,EL,Greece,CEPA9,Other environmental protection activities,0.0,0.0,2100000.0,2100000.0,2100000.0
2018,PL,Poland,CEPA4,"Protection and remediation of soil, groundwater and surface water",900000.0,200000.0,8700000.0,8900000.0,9800000.0
2017,MT,Malta,CEPA6,Protection of biodiversity and landscapes,2000000.0,0.0,0.0,0.0,2000000.0
2018,MT,Malta,CEPA6,Protection of biodiversity and landscapes,2000000.0,0.0,0.0,0.0,2000000.0
2015,LV,Latvia,CEPA6,Protection of biodiversity and landscapes,400000.0,100000.0,,100000.0,500000.0
2014,SE,Sweden,CEPA8,Environmental research and development,9600000.0,,,0.0,9600000.0
2017,AT,Austria,CEPA3,Waste management,3800000.0,236900000.0,18300000.0,255200000.0,259000000.0
2014,PL,Poland,CEPA2,Wastewater management,709400000.0,659300000.0,138000000.0,797300000.0,1506700000.0
2014,HR,Croatia,CEPA7-9,Protection against radiation; environmental research and development; other environmental protection activities,100000.0,0.0,700000.0,700000.0,800000.0
2016,PL,Poland,CEPA9,Other environmental protection activities,59500000.0,600000.0,43800000.0,44400000.0,103900000.0
2014,IE,Ireland,CEPA9,Other environmental protection activities,5400000.0,,2400000.0,2400000.0,7800000.0
2016,LT,Lithuania,CEPA7,Protection against radiation (excluding external safety),24700000.0,0.0,0.0,0.0,24700000.0
2015,BE,Belgium,CEPA8,Environmental research and development,1400000.0,2000000.0,38900000.0,40900000.0,42300000.0
2015,HR,Croatia,CEPA6,Protection of biodiversity and landscapes,1100000.0,0.0,800000.0,800000.0,1900000.0
2017,NO,Norway,CEPA6,Protection of biodiversity and landscapes,70300000.0,,400000.0,400000.0,70700000.0
2014,IE,Ireland,CEPA7-9,Protection against radiation; environmental research and development; other environmental protection activities,5400000.0,0.0,2400000.0,2400000.0,7800000.0
2015,FI,Finland,CEPA5,Noise and vibration abatement (excluding workplace protection),10600000.0,0.0,,0.0,10600000.0
2014,NO,Norway,CEPA3,Waste management,80400000.0,80200000.0,125300000.0,205500000.0,285900000.0
2020,CH,Switzerland,CEPA1,Protection of ambient air and climate,4100000.0,6300000.0,201200000.0,207500000.0,211600000.0
2015,EL,Greece,CEPA7-9,Protection against radiation; environmental research and development; other environmental protection activities,0.0,0.0,5300000.0,5300000.0,5300000.0
2021,NO,Norway,CEPA6,Protection of biodiversity and landscapes,79300000.0,0.0,,0.0,79300000.0
2015,LT,Lithuania,CEPA7,Protection against radiation (excluding external safety),40500000.0,0.0,0.0,0.0,40500000.0
2020,CH,Switzerland,CEPA7-9,Protection against radiation; environmental research and development; other environmental protection activities,62500000.0,37500000.0,38500000.0,76000000.0,138500000.0
2018,FI,Finland,CEPA2,Wastewater management,0.0,181000000.0,86800000.0,267800000.0,267800000.0
2022,LT,Lithuania,CEPA9,Other environmental protection activities,4800000.0,0.0,0.0,0.0,4800000.0
2019,SE,Sweden,CEPA6,Protection of biodiversity and landscapes,20100000.0,0.0,4000000.0,4000000.0,24100000.0
2015,BE,Belgium,CEPA9,Other environmental protection activities,20000000.0,22400000.0,23600000.0,46000000.0,66000000.0
2017,DE,Germany,CEPA2,Wastewater management,818000000.0,4765000000.0,1078000000.0,5843000000.0,6661000000.0
2015,BG,Bulgaria,CEPA8,Environmental research and development,100000.0,0.0,500000.0,500000.0,600000.0
2014,DE,Germany,CEPA7,Protection against radiation (excluding external safety),,,,0.0,0.0
2022,AT,Austria,CEPA7-9,Protection against radiation; environmental research and development; other environmental protection activities,56000000.0,224900000.0,,224900000.0,280900000.0
2021,FI,Finland,CEPA7-9,Protection against radiation; environmental research and development; other environmental protection activities,8100000.0,0.0,24700000.0,24700000.0,32800000.0
2017,DE,Germany,CEPA7,Protection against radiation (excluding external safety),,,,0.0,0.0
2016,DE,Germany,CEPA7,Protection against radiation (excluding external safety),,,,0.0,0.0
2019,SE,Sweden,CEPA2,Wastewater management,443700000.0,159700000.0,131000000.0,290700000.0,734400000.0
2015,DE,Germany,CEPA7,Protection against radiation (excluding external safety),,,,0.0,0.0
2017,BE,Belgium,CEPA1,Protection of ambient air and climate,2800000.0,16400000.0,191400000.0,207800000.0,210600000.0
2017,PL,Poland,CEPA5,Noise and vibration abatement (excluding workplace protection),5800000.0,0.0,10100000.0,10100000.0,15900000.0
2019,CH,Switzerland,CEPA5,Noise and vibration abatement (excluding workplace protection),21400000.0,0.0,,0.0,21400000.0
2022,RO,Romania,CEPA4,"Protection and remediation of soil, groundwater and surface water",10900000.0,200000.0,57300000.0,57500000.0,68400000.0
2018,SI,Slovenia,CEPA1,Protection of ambient air and climate,700000.0,0.0,47900000.0,47900000.0,48600000.0
2022,RO,Romania,CEPA9,Other environmental protection activities,22300000.0,0.0,7600000.0,7600000.0,29900000.0
2017,HR,Croatia,CEPA7,Protection against radiation (excluding external safety),0.0,0.0,0.0,0.0,0.0
2020,PL,Poland,CEPA6,Protection of biodiversity and landscapes,63700000.0,0.0,2500000.0,2500000.0,66200000.0
2019,MT,Malta,CEPA9,Other environmental protection activities,600000.0,0.0,0.0,0.0,600000.0
2016,SE,Sweden,CEPA7-9,Protection against radiation; environmental research and development; other environmental protection activities,28700000.0,0.0,,0.0,28700000.0
2014,NO,Norway,CEPA2,Wastewater management,667200000.0,21100000.0,22900000.0,44000000.0,711200000.0
2016,MT,Malta,CEPA6,Protection of biodiversity and landscapes,600000.0,0.0,0.0,0.0,600000.0
2017,MT,Malta,CEPA9,Other environmental protection activities,600000.0,0.0,0.0,0.0,600000.0
2014,IE,Ireland,CEPA5,Noise and vibration abatement (excluding workplace protection),0.0,0.0,0.0,0.0,0.0
2015,IE,Ireland,CEPA5,Noise and vibration abatement (excluding workplace protection),0.0,0.0,0.0,0.0,0.0
2018,IE,Ireland,CEPA5,Noise and vibration abatement (excluding workplace protection),0.0,0.0,0.0,0.0,0.0
2016,IE,Ireland,CEPA5,Noise and vibration abatement (excluding workplace protection),0.0,0.0,0.0,0.0,0.0
2019,IE,Ireland,CEPA5,Noise and vibration abatement (excluding workplace protection),0.0,0.0,0.0,0.0,0.0
2017,IE,Ireland,CEPA5,Noise and vibration abatement (excluding workplace protection),0.0,0.0,0.0,0.0,0.0
2015,MT,Malta,CEPA6,Protection of biodiversity and landscapes,300000.0,0.0,0.0,0.0,300000.0
2014,MT,Malta,CEPA6,Protection of biodiversity and landscapes,300000.0,0.0,0.0,0.0,300000.0
2022,MT,Malta,CEPA9,Other environmental protection activities,300000.0,0.0,0.0,0.0,300000.0
2022,MT,Malta,CEPA6,Protection of biodiversity and landscapes,1200000.0,0.0,0.0,0.0,1200000.0
2022,FI,Finland,CEPA3,Waste management,200000.0,148000000.0,24000000.0,172000000.0,172200000.0
2014,BE,Belgium,CEPA1,Protection of ambient air and climate,3500000.0,10200000.0,161100000.0,171300000.0,174800000.0
2015,PT,Portugal,CEPA6,Protection of biodiversity and landscapes,20900000.0,11100000.0,6600000.0,17700000.0,38600000.0
2021,DE,Germany,CEPA4,"Protection and remediation of soil, groundwater and surface water",43600000.0,85000000.0,247600000.0,332600000.0,376200000.0
2015,MT,Malta,CEPA9,Other environmental protection activities,1200000.0,0.0,0.0,0.0,1200000.0
2015,HR,Croatia,CEPA8,Environmental research and development,0.0,0.0,0.0,0.0,0.0
2014,HR,Croatia,CEPA8,Environmental research and development,0.0,0.0,0.0,0.0,0.0
2015,HR,Croatia,CEPA7,Protection against radiation (excluding external safety),0.0,0.0,0.0,0.0,0.0
2014,SI,Slovenia,CEPA7-9,Protection against radiation; environmental research and development; other environmental protection activities,10500000.0,0.0,4600000.0,4600000.0,15100000.0
2019,MT,Malta,CEPA6,Protection of biodiversity and landscapes,1200000.0,0.0,0.0,0.0,1200000.0
2016,HR,Croatia,CEPA7,Protection against radiation (excluding external safety),0.0,0.0,0.0,0.0,0.0
2017,HR,Croatia,CEPA8,Environmental research and development,0.0,0.0,0.0,0.0,0.0
2021,LT,Lithuania,CEPA2,Wastewater management,1900000.0,62100000.0,28200000.0,90300000.0,92200000.0
2016,HR,Croatia,CEPA8,Environmental research and development,0.0,0.0,0.0,0.0,0.0
2021,PL,Poland,CEPA3,Waste management,38600000.0,145200000.0,34100000.0,179300000.0,217900000.0
2020,MT,Malta,CEPA3,Waste management,24200000.0,6100000.0,4500000.0,10600000.0,34800000.0
2020,NO,Norway,CEPA6,Protection of biodiversity and landscapes,78500000.0,0.0,,0.0,78500000.0
2017,SI,Slovenia,CEPA9,Other environmental protection activities,2800000.0,0.0,12300000.0,12300000.0,15100000.0
2022,LV,Latvia,CEPA2,Wastewater management,2700000.0,21200000.0,1000000.0,22200000.0,24900000.0
2016,BG,Bulgaria,CEPA2,Wastewater management,69600000.0,900000.0,10500000.0,11400000.0,81000000.0
2017,FI,Finland,CEPA9,Other environmental protection activities,16000000.0,,10300000.0,10300000.0,26300000.0
2019,LV,Latvia,CEPA6,Protection of biodiversity and landscapes,1200000.0,0.0,0.0,0.0,1200000.0
2014,LV,Latvia,CEPA4,"Protection and remediation of soil, groundwater and surface water",0.0,1100000.0,,1100000.0,1100000.0
2019,SE,Sweden,CEPA1,Protection of ambient air and climate,64100000.0,0.0,343000000.0,343000000.0,407100000.0
2016,FI,Finland,CEPA5,Noise and vibration abatement (excluding workplace protection),12500000.0,0.0,,0.0,12500000.0
2014,FI,Finland,CEPA6,Protection of biodiversity and landscapes,12500000.0,0.0,,0.0,12500000.0
2017,IE,Ireland,CEPA1,Protection of ambient air and climate,13900000.0,0.0,7600000.0,7600000.0,21500000.0
2015,PL,Poland,CEPA7-9,Protection against radiation; environmental research and development; other environmental protection activities,102500000.0,1000000.0,68200000.0,69200000.0,171700000.0
2014,MT,Malta,CEPA8,Environmental research and development,0.0,0.0,0.0,0.0,0.0
2021,LT,Lithuania,CEPA5,Noise and vibration abatement (excluding workplace protection),0.0,0.0,1500000.0,1500000.0,1500000.0
2020,LV,Latvia,CEPA1,Protection of ambient air and climate,6900000.0,1800000.0,19500000.0,21300000.0,28200000.0
2015,MT,Malta,CEPA7,Protection against radiation (excluding external safety),0.0,0.0,0.0,0.0,0.0
2014,MT,Malta,CEPA7,Protection against radiation (excluding external safety),0.0,0.0,0.0,0.0,0.0
2014,MT,Malta,CEPA4,"Protection and remediation of soil, groundwater and surface water",0.0,0.0,0.0,0.0,0.0
2018,MT,Malta,CEPA8,Environmental research and development,0.0,0.0,0.0,0.0,0.0
2017,DE,Germany,CEPA112_122,Protection of climate and ozone layer,,,195800000.0,195800000.0,195800000.0
2016,MT,Malta,CEPA8,Environmental research and development,0.0,0.0,0.0,0.0,0.0
2019,MT,Malta,CEPA7,Protection against radiation (excluding external safety),0.0,0.0,0.0,0.0,0.0
2015,MT,Malta,CEPA4,"Protection and remediation of soil, groundwater and surface water",0.0,0.0,0.0,0.0,0.0
2018,MT,Malta,CEPA7,Protection against radiation (excluding external safety),0.0,0.0,0.0,0.0,0.0
2019,MT,Malta,CEPA8,Environmental research and development,0.0,0.0,0.0,0.0,0.0
2014,SI,Slovenia,CEPA2,Wastewater management,215800000.0,1100000.0,13100000.0,14200000.0,230000000.0
2015,MT,Malta,CEPA5,Noise and vibration abatement (excluding workplace protection),0.0,0.0,0.0,0.0,0.0
2017,MT,Malta,CEPA7,Protection against radiation (excluding external safety),0.0,0.0,0.0,0.0,0.0
2018,MT,Malta,CEPA4,"Protection and remediation of soil, groundwater and surface water",0.0,0.0,0.0,0.0,0.0
2022,MT,Malta,CEPA8,Environmental research and development,0.0,0.0,0.0,0.0,0.0
2014,MT,Malta,CEPA5,Noise and vibration abatement (excluding workplace protection),0.0,0.0,0.0,0.0,0.0
2016,MT,Malta,CEPA7,Protection against radiation (excluding external safety),0.0,0.0,0.0,0.0,0.0
2017,MT,Malta,CEPA8,Environmental research and development,0.0,0.0,0.0,0.0,0.0
2016,MT,Malta,CEPA4,"Protection and remediation of soil, groundwater and surface water",0.0,0.0,0.0,0.0,0.0
2020,MT,Malta,CEPA8,Environmental research and development,0.0,0.0,0.0,0.0,0.0
2019,MT,Malta,CEPA4,"Protection and remediation of soil, groundwater and surface water",0.0,0.0,0.0,0.0,0.0
2022,MT,Malta,CEPA7,Protection against radiation (excluding external safety),0.0,0.0,0.0,0.0,0.0
2016,PT,Portugal,CEPA2,Wastewater management,110000000.0,9800000.0,33200000.0,43000000.0,153000000.0
2019,MT,Malta,CEPA5,Noise and vibration abatement (excluding workplace protection),0.0,0.0,0.0,0.0,0.0
2021,MT,Malta,CEPA7,Protection against radiation (excluding external safety),0.0,0.0,0.0,0.0,0.0
2022,MT,Malta,CEPA4,"Protection and remediation of soil, groundwater and surface water",0.0,0.0,0.0,0.0,0.0
2016,AT,Austria,CEPA2,Wastewater management,9600000.0,109900000.0,48900000.0,158800000.0,168400000.0
2017,MT,Malta,CEPA4,"Protection and remediation of soil, groundwater and surface water",0.0,0.0,0.0,0.0,0.0
2018,MT,Malta,CEPA5,Noise and vibration abatement (excluding workplace protection),0.0,0.0,0.0,0.0,0.0
2020,MT,Malta,CEPA7,Protection against radiation (excluding external safety),0.0,0.0,0.0,0.0,0.0
2021,MT,Malta,CEPA8,Environmental research and development,0.0,0.0,0.0,0.0,0.0
2017,MT,Malta,CEPA5,Noise and vibration abatement (excluding workplace protection),0.0,0.0,0.0,0.0,0.0
2020,MT,Malta,CEPA4,"Protection and remediation of soil, groundwater and surface water",0.0,0.0,0.0,0.0,0.0
2021,MT,Malta,CEPA9,Other environmental protection activities,0.0,0.0,0.0,0.0,0.0
2016,MT,Malta,CEPA5,Noise and vibration abatement (excluding workplace protection),0.0,0.0,0.0,0.0,0.0
2021,MT,Malta,CEPA4,"Protection and remediation of soil, groundwater and surface water",0.0,0.0,0.0,0.0,0.0
2022,MT,Malta,CEPA5,Noise and vibration abatement (excluding workplace protection),0.0,0.0,0.0,0.0,0.0
2021,MT,Malta,CEPA5,Noise and vibration abatement (excluding workplace protection),0.0,0.0,0.0,0.0,0.0
2020,MT,Malta,CEPA5,Noise and vibration abatement (excluding workplace protection),0.0,0.0,0.0,0.0,0.0
2020,DE,Germany,CEPA4,"Protection and remediation of soil, groundwater and surface water",344100000.0,73000000.0,270500000.0,343500000.0,687600000.0
2021,LT,Lithuania,CEPA8,Environmental research and development,0.0,0.0,0.0,0.0,0.0
2020,LT,Lithuania,CEPA8,Environmental research and development,0.0,0.0,0.0,0.0,0.0
2018,LV,Latvia,CEPA5,Noise and vibration abatement (excluding workplace protection),0.0,0.0,0.0,0.0,0.0
2019,LV,Latvia,CEPA5,Noise and vibration abatement (excluding workplace protection),0.0,0.0,0.0,0.0,0.0
2022,LV,Latvia,CEPA5,Noise and vibration abatement (excluding workplace protection),0.0,0.0,0.0,0.0,0.0
2018,NO,Norway,CEPA3,Waste management,124700000.0,106900000.0,,106900000.0,231600000.0
2020,LV,Latvia,CEPA5,Noise and vibration abatement (excluding workplace protection),0.0,0.0,0.0,0.0,0.0
2021,LV,Latvia,CEPA5,Noise and vibration abatement (excluding workplace protection),0.0,0.0,0.0,0.0,0.0
2015,AT,Austria,CEPA6,Protection of biodiversity and landscapes,5500000.0,0.0,14200000.0,14200000.0,19700000.0
2014,PT,Portugal,CEPA2,Wastewater management,149300000.0,55100000.0,17200000.0,72300000.0,221600000.0
2022,FI,Finland,CEPA8,Environmental research and development,0.0,0.0,700000.0,700000.0,700000.0
2017,RO,Romania,CEPA7,Protection against radiation (excluding external safety),1200000.0,0.0,0.0,0.0,1200000.0
2015,MT,Malta,CEPA3,Waste management,59800000.0,2200000.0,4100000.0,6300000.0,66100000.0
2021,FI,Finland,CEPA3,Waste management,0.0,331000000.0,33000000.0,364000000.0,364000000.0
2016,IE,Ireland,CEPA9,Other environmental protection activities,9600000.0,,1200000.0,1200000.0,10800000.0
2015,LT,Lithuania,CEPA8,Environmental research and development,0.0,0.0,0.0,0.0,0.0
2019,LV,Latvia,CEPA4,"Protection and remediation of soil, groundwater and surface water",0.0,1200000.0,800000.0,2000000.0,2000000.0
2015,DE,Germany,CEPA5,Noise and vibration abatement (excluding workplace protection),,,85100000.0,85100000.0,85100000.0
2014,LT,Lithuania,CEPA8,Environmental research and development,0.0,0.0,0.0,0.0,0.0
2018,SI,Slovenia,CEPA8,Environmental research and development,11500000.0,0.0,0.0,0.0,11500000.0
2018,LT,Lithuania,CEPA8,Environmental research and development,0.0,0.0,0.0,0.0,0.0
2022,LT,Lithuania,CEPA8,Environmental research and development,0.0,0.0,0.0,0.0,0.0
2018,DE,Germany,CEPA112_122,Protection of climate and ozone layer,,,286700000.0,286700000.0,286700000.0
2021,BE,Belgium,CEPA5,Noise and vibration abatement (excluding workplace protection),900000.0,37800000.0,24800000.0,62600000.0,63500000.0
2017,BG,Bulgaria,CEPA1,Protection of ambient air and climate,1200000.0,0.0,60000000.0,60000000.0,61200000.0
2019,IE,Ireland,CEPA4,"Protection and remediation of soil, groundwater and surface water",2100000.0,0.0,3800000.0,3800000.0,5900000.0
2017,CH,Switzerland,CEPA8,Environmental research and development,,9000000.0,,9000000.0,9000000.0
2017,IE,Ireland,CEPA7-9,Protection against radiation; environmental research and development; other environmental protection activities,12700000.0,0.0,600000.0,600000.0,13300000.0
2017,HR,Croatia,CEPA9,Other environmental protection activities,100000.0,0.0,500000.0,500000.0,600000.0
2016,PT,Portugal,CEPA9,Other environmental protection activities,4400000.0,200000.0,3400000.0,3600000.0,8000000.0
2021,PT,Portugal,CEPA9,Other environmental protection activities,31200000.0,600000.0,,600000.0,31800000.0
2015,MT,Malta,CEPA1,Protection of ambient air and climate,0.0,0.0,0.0,0.0,0.0
2014,MT,Malta,CEPA1,Protection of ambient air and climate,0.0,0.0,0.0,0.0,0.0
2018,SE,Sweden,CEPA5,Noise and vibration abatement (excluding workplace protection),0.0,0.0,15600000.0,15600000.0,15600000.0
2019,MT,Malta,CEPA1,Protection of ambient air and climate,0.0,0.0,0.0,0.0,0.0
2018,MT,Malta,CEPA1,Protection of ambient air and climate,0.0,0.0,0.0,0.0,0.0
2017,MT,Malta,CEPA1,Protection of ambient air and climate,0.0,0.0,0.0,0.0,0.0
2016,MT,Malta,CEPA1,Protection of ambient air and climate,0.0,0.0,0.0,0.0,0.0
2021,MT,Malta,CEPA1,Protection of ambient air and climate,0.0,0.0,0.0,0.0,0.0
2020,MT,Malta,CEPA1,Protection of ambient air and climate,0.0,0.0,0.0,0.0,0.0
2014,PL,Poland,CEPA7,Protection against radiation (excluding external safety),0.0,0.0,0.0,0.0,0.0
2015,RO,Romania,CEPA1,Protection of ambient air and climate,94900000.0,1900000.0,462900000.0,464800000.0,559700000.0
2015,PL,Poland,CEPA7,Protection against radiation (excluding external safety),0.0,0.0,0.0,0.0,0.0
2018,PL,Poland,CEPA7,Protection against radiation (excluding external safety),0.0,0.0,0.0,0.0,0.0
2019,PL,Poland,CEPA7,Protection against radiation (excluding external safety),0.0,0.0,0.0,0.0,0.0
2020,CH,Switzerland,CEPA2,Wastewater management,571100000.0,216700000.0,83800000.0,300500000.0,871600000.0
2022,PL,Poland,CEPA7,Protection against radiation (excluding external safety),0.0,0.0,0.0,0.0,0.0
2020,PL,Poland,CEPA7,Protection against radiation (excluding external safety),0.0,0.0,0.0,0.0,0.0
2016,NO,Norway,CEPA1,Protection of ambient air and climate,14000000.0,,26300000.0,26300000.0,40300000.0
2021,PL,Poland,CEPA7,Protection against radiation (excluding external safety),0.0,0.0,0.0,0.0,0.0
2022,DE,Germany,CEPA1,Protection of ambient air and climate,41800000.0,0.0,1810100000.0,1810100000.0,1851900000.0
2018,EL,Greece,CEPA7-9,Protection against radiation; environmental research and development; other environmental protection activities,0.0,0.0,4900000.0,4900000.0,4900000.0
2021,SE,Sweden,CEPA1,Protection of ambient air and climate,47500000.0,0.0,476000000.0,476000000.0,523500000.0
2016,PL,Poland,CEPA7,Protection against radiation (excluding external safety),100000.0,0.0,100000.0,100000.0,200000.0
2022,PT,Portugal,CEPA7-9,Protection against radiation; environmental research and development; other environmental protection activities,78500000.0,29000000.0,,29000000.0,107500000.0
2021,BE,Belgium,CEPA1,Protection of ambient air and climate,63300000.0,28200000.0,237800000.0,266000000.0,329300000.0
2018,EL,Greece,CEPA1,Protection of ambient air and climate,0.0,0.0,1400000.0,1400000.0,1400000.0
2016,SE,Sweden,CEPA6,Protection of biodiversity and landscapes,41000000.0,0.0,,0.0,41000000.0
2016,AT,Austria,CEPA7-9,Protection against radiation; environmental research and development; other environmental protection activities,0.0,69000000.0,100000.0,69100000.0,69100000.0
2014,MT,Malta,CEPA2,Wastewater management,0.0,200000.0,300000.0,500000.0,500000.0
2019,AT,Austria,CEPA3,Waste management,23000000.0,312800000.0,33000000.0,345800000.0,368800000.0
2020,BG,Bulgaria,CEPA7-9,Protection against radiation; environmental research and development; other environmental protection activities,4400000.0,600000.0,10500000.0,11100000.0,15500000.0
2016,LT,Lithuania,CEPA7-9,Protection against radiation; environmental research and development; other environmental protection activities,26800000.0,200000.0,0.0,200000.0,27000000.0
2015,AT,Austria,CEPA7-9,Protection against radiation; environmental research and development; other environmental protection activities,0.0,67900000.0,0.0,67900000.0,67900000.0
2016,FI,Finland,CEPA8,Environmental research and development,0.0,,,0.0,0.0
2015,CH,Switzerland,CEPA5,Noise and vibration abatement (excluding workplace protection),16300000.0,0.0,,0.0,16300000.0
2019,SI,Slovenia,CEPA3,Waste management,9000000.0,10700000.0,59100000.0,69800000.0,78800000.0
2014,EL,Greece,CEPA2,Wastewater management,288000000.0,11100000.0,11300000.0,22400000.0,310400000.0
2021,BG,Bulgaria,CEPA7-9,Protection against radiation; environmental research and development; other environmental protection activities,13500000.0,700000.0,2700000.0,3400000.0,16900000.0
2015,IE,Ireland,CEPA1,Protection of ambient air and climate,10700000.0,0.0,2200000.0,2200000.0,12900000.0
2018,LV,Latvia,CEPA3,Waste management,13000000.0,20200000.0,500000.0,20700000.0,33700000.0
2018,AT,Austria,CEPA4,"Protection and remediation of soil, groundwater and surface water",1300000.0,81400000.0,2300000.0,83700000.0,85000000.0
2015,IE,Ireland,CEPA6,Protection of biodiversity and landscapes,5300000.0,0.0,300000.0,300000.0,5600000.0
2019,FI,Finland,CEPA1,Protection of ambient air and climate,0.0,0.0,87600000.0,87600000.0,87600000.0
2020,AT,Austria,CEPA5,Noise and vibration abatement (excluding workplace protection),100000.0,4100000.0,,4100000.0,4200000.0
2016,BE,Belgium,CEPA9,Other environmental protection activities,20000000.0,26200000.0,24500000.0,50700000.0,70700000.0
2020,CH,Switzerland,CEPA6,Protection of biodiversity and landscapes,48100000.0,9000000.0,49900000.0,58900000.0,107000000.0
2022,FI,Finland,CEPA5,Noise and vibration abatement (excluding workplace protection),10600000.0,0.0,2200000.0,2200000.0,12800000.0
2020,SE,Sweden,CEPA1,Protection of ambient air and climate,83100000.0,0.0,271600000.0,271600000.0,354700000.0
2017,BE,Belgium,CEPA4,"Protection and remediation of soil, groundwater and surface water",41200000.0,35300000.0,29400000.0,64700000.0,105900000.0
2019,BE,Belgium,CEPA4,"Protection and remediation of soil, groundwater and surface water",33000000.0,47000000.0,33800000.0,80800000.0,113800000.0
2016,HR,Croatia,CEPA6,Protection of biodiversity and landscapes,1100000.0,0.0,600000.0,600000.0,1700000.0
2017,HR,Croatia,CEPA6,Protection of biodiversity and landscapes,1100000.0,0.0,600000.0,600000.0,1700000.0
2019,DE,Germany,CEPA7-9,Protection against radiation; environmental research and development; other environmental protection activities,480200000.0,0.0,0.0,0.0,480200000.0
2018,DE,Germany,CEPA2,Wastewater management,1371000000.0,5310000000.0,1009600000.0,6319600000.0,7690600000.0
2016,LV,Latvia,CEPA3,Waste management,11300000.0,6300000.0,,6300000.0,17600000.0
2022,IE,Ireland,CEPA1,Protection of ambient air and climate,5200000.0,0.0,,0.0,5200000.0
2021,RO,Romania,CEPA3,Waste management,54800000.0,103400000.0,7800000.0,111200000.0,166000000.0
2018,RO,Romania,CEPA4,"Protection and remediation of soil, groundwater and surface water",800000.0,1400000.0,38500000.0,39900000.0,40700000.0
2016,EL,Greece,CEPA3,Waste management,178000000.0,36100000.0,14900000.0,51000000.0,229000000.0
2015,HR,Croatia,CEPA9,Other environmental protection activities,200000.0,0.0,400000.0,400000.0,600000.0
2017,NO,Norway,CEPA1,Protection of ambient air and climate,14800000.0,,41400000.0,41400000.0,56200000.0
2018,FI,Finland,CEPA3,Waste management,400000.0,140000000.0,43400000.0,183400000.0,183800000.0
2020,IE,Ireland,CEPA9,Other environmental protection activities,7800000.0,,,0.0,7800000.0
2021,IE,Ireland,CEPA9,Other environmental protection activities,7800000.0,,,0.0,7800000.0
2022,CH,Switzerland,CEPA1,Protection of ambient air and climate,4400000.0,6700000.0,205800000.0,212500000.0,216900000.0
2019,DE,Germany,CEPA9,Other environmental protection activities,43000000.0,,,0.0,43000000.0
2021,CH,Switzerland,CEPA7-9,Protection against radiation; environmental research and development; other environmental protection activities,56900000.0,36200000.0,38500000.0,74700000.0,131600000.0
2020,BE,Belgium,CEPA6,Protection of biodiversity and landscapes,84300000.0,8700000.0,2200000.0,10900000.0,95200000.0
2017,SI,Slovenia,CEPA3,Waste management,5700000.0,10800000.0,40200000.0,51000000.0,56700000.0
2014,CH,Switzerland,CEPA9,Other environmental protection activities,,12600000.0,,12600000.0,12600000.0
2017,SI,Slovenia,CEPA8,Environmental research and development,9900000.0,0.0,0.0,0.0,9900000.0
2018,SE,Sweden,CEPA7-9,Protection against radiation; environmental research and development; other environmental protection activities,43000000.0,0.0,113600000.0,113600000.0,156600000.0
2021,CH,Switzerland,CEPA7,Protection against radiation (excluding external safety),5300000.0,0.0,28900000.0,28900000.0,34200000.0
2020,SI,Slovenia,CEPA2,Wastewater management,76400000.0,1300000.0,52100000.0,53400000.0,129800000.0
2021,BE,Belgium,CEPA8,Environmental research and development,56100000.0,3000000.0,66300000.0,69300000.0,125400000.0
2020,LV,Latvia,CEPA4,"Protection and remediation of soil, groundwater and surface water",0.0,1100000.0,600000.0,1700000.0,1700000.0
2021,RO,Romania,CEPA4,"Protection and remediation of soil, groundwater and surface water",8300000.0,400000.0,52800000.0,53200000.0,61500000.0
2021,CH,Switzerland,CEPA5,Noise and vibration abatement (excluding workplace protection),23700000.0,0.0,67400000.0,67400000.0,91100000.0
2021,SI,Slovenia,CEPA112_122,Protection of climate and ozone layer,,0.0,81000000.0,81000000.0,81000000.0
2015,LT,Lithuania,CEPA6,Protection of biodiversity and landscapes,6500000.0,0.0,200000.0,200000.0,6700000.0
2019,SI,Slovenia,CEPA2,Wastewater management,81700000.0,900000.0,43000000.0,43900000.0,125600000.0
2016,AT,Austria,CEPA6,Protection of biodiversity and landscapes,10200000.0,0.0,15100000.0,15100000.0,25300000.0
2019,FI,Finland,CEPA7-9,Protection against radiation; environmental research and development; other environmental protection activities,8900000.0,0.0,600000.0,600000.0,9500000.0
2016,SI,Slovenia,CEPA1,Protection of ambient air and climate,100000.0,0.0,36000000.0,36000000.0,36100000.0
2015,RO,Romania,CEPA7,Protection against radiation (excluding external safety),0.0,0.0,0.0,0.0,0.0
2021,LV,Latvia,CEPA6,Protection of biodiversity and landscapes,200000.0,0.0,100000.0,100000.0,300000.0
2022,MT,Malta,CEPA3,Waste management,20600000.0,8400000.0,5200000.0,13600000.0,34200000.0
2014,RO,Romania,CEPA7,Protection against radiation (excluding external safety),0.0,0.0,0.0,0.0,0.0
2018,RO,Romania,CEPA8,Environmental research and development,0.0,0.0,0.0,0.0,0.0
2016,RO,Romania,CEPA8,Environmental research and development,0.0,0.0,0.0,0.0,0.0
2019,RO,Romania,CEPA8,Environmental research and development,0.0,0.0,0.0,0.0,0.0
2017,RO,Romania,CEPA8,Environmental research and development,0.0,0.0,0.0,0.0,0.0
2021,LT,Lithuania,CEPA7-9,Protection against radiation; environmental research and development; other environmental protection activities,58600000.0,0.0,0.0,0.0,58600000.0
2020,RO,Romania,CEPA8,Environmental research and development,0.0,0.0,0.0,0.0,0.0
2022,RO,Romania,CEPA7,Protection against radiation (excluding external safety),0.0,0.0,0.0,0.0,0.0
2021,RO,Romania,CEPA7,Protection against radiation (excluding external safety),0.0,0.0,0.0,0.0,0.0
2021,RO,Romania,CEPA8,Environmental research and development,0.0,0.0,0.0,0.0,0.0
2016,FI,Finland,CEPA7,Protection against radiation (excluding external safety),2900000.0,,,0.0,2900000.0
2021,SE,Sweden,CEPA7-9,Protection against radiation; environmental research and development; other environmental protection activities,50100000.0,0.0,146500000.0,146500000.0,196600000.0
2022,EL,Greece,CEPA1,Protection of ambient air and climate,0.0,0.0,7900000.0,7900000.0,7900000.0
2021,HR,Croatia,CEPA6,Protection of biodiversity and landscapes,1300000.0,0.0,,0.0,1300000.0
2018,BE,Belgium,CEPA9,Other environmental protection activities,27700000.0,20800000.0,28000000.0,48800000.0,76500000.0
2015,PT,Portugal,CEPA7,Protection against radiation (excluding external safety),0.0,0.0,0.0,0.0,0.0
2018,PT,Portugal,CEPA7,Protection against radiation (excluding external safety),0.0,0.0,0.0,0.0,0.0
2016,PT,Portugal,CEPA7,Protection against radiation (excluding external safety),0.0,0.0,0.0,0.0,0.0
2016,PT,Portugal,CEPA3,Waste management,20300000.0,83500000.0,8900000.0,92400000.0,112700000.0
2019,PT,Portugal,CEPA7,Protection against radiation (excluding external safety),0.0,0.0,0.0,0.0,0.0
2017,PT,Portugal,CEPA7,Protection against radiation (excluding external safety),0.0,0.0,0.0,0.0,0.0
2020,RO,Romania,CEPA2,Wastewater management,323500000.0,1400000.0,43200000.0,44600000.0,368100000.0
2016,DE,Germany,CEPA5,Noise and vibration abatement (excluding workplace protection),,,130700000.0,130700000.0,130700000.0
2015,BE,Belgium,CEPA6,Protection of biodiversity and landscapes,53300000.0,7100000.0,2300000.0,9400000.0,62700000.0
2015,PT,Portugal,CEPA9,Other environmental protection activities,25200000.0,1100000.0,6600000.0,7700000.0,32900000.0
2014,LT,Lithuania,CEPA7,Protection against radiation (excluding external safety),72600000.0,0.0,0.0,0.0,72600000.0
2022,BE,Belgium,CEPA5,Noise and vibration abatement (excluding workplace protection),500000.0,47700000.0,26400000.0,74100000.0,74600000.0
2014,BE,Belgium,CEPA9,Other environmental protection activities,32200000.0,20500000.0,23500000.0,44000000.0,76200000.0
2018,LT,Lithuania,CEPA9,Other environmental protection activities,6400000.0,0.0,100000.0,100000.0,6500000.0
2021,BG,Bulgaria,CEPA5,Noise and vibration abatement (excluding workplace protection),600000.0,0.0,0.0,0.0,600000.0
2018,SI,Slovenia,CEPA2,Wastewater management,65600000.0,1100000.0,28300000.0,29400000.0,95000000.0
2022,BG,Bulgaria,CEPA6,Protection of biodiversity and landscapes,1800000.0,0.0,300000.0,300000.0,2100000.0
2014,AT,Austria,CEPA7,Protection against radiation (excluding external safety),,0.0,0.0,0.0,0.0
2015,AT,Austria,CEPA7,Protection against radiation (excluding external safety),,0.0,0.0,0.0,0.0
2016,AT,Austria,CEPA7,Protection against radiation (excluding external safety),,0.0,0.0,0.0,0.0
2017,AT,Austria,CEPA7,Protection against radiation (excluding external safety),,0.0,0.0,0.0,0.0
2017,BE,Belgium,CEPA7-9,Protection against radiation; environmental research and development; other environmental protection activities,29600000.0,43600000.0,73600000.0,117200000.0,146800000.0
2016,LT,Lithuania,CEPA3,Waste management,2900000.0,54700000.0,400000.0,55100000.0,58000000.0
2020,MT,Malta,CEPA9,Other environmental protection activities,200000.0,0.0,0.0,0.0,200000.0
2014,DE,Germany,CEPA6,Protection of biodiversity and landscapes,129000000.0,,77300000.0,77300000.0,206300000.0
2022,SE,Sweden,CEPA7-9,Protection against radiation; environmental research and development; other environmental protection activities,47400000.0,0.0,,0.0,47400000.0
2022,RO,Romania,CEPA1,Protection of ambient air and climate,13700000.0,0.0,54000000.0,54000000.0,67700000.0
2018,HR,Croatia,CEPA4,"Protection and remediation of soil, groundwater and surface water",16200000.0,200000.0,,200000.0,16400000.0
2015,SI,Slovenia,CEPA6,Protection of biodiversity and landscapes,2500000.0,0.0,2400000.0,2400000.0,4900000.0
2019,BG,Bulgaria,CEPA8,Environmental research and development,3300000.0,0.0,700000.0,700000.0,4000000.0
2021,SI,Slovenia,CEPA2,Wastewater management,90400000.0,1800000.0,35300000.0,37100000.0,127500000.0
2014,IE,Ireland,CEPA1,Protection of ambient air and climate,8500000.0,0.0,2000000.0,2000000.0,10500000.0
2022,SE,Sweden,CEPA6,Protection of biodiversity and landscapes,13400000.0,0.0,,0.0,13400000.0
2017,NO,Norway,CEPA7-9,Protection against radiation; environmental research and development; other environmental protection activities,19300000.0,,30800000.0,30800000.0,50100000.0
2014,SI,Slovenia,CEPA4,"Protection and remediation of soil, groundwater and surface water",9400000.0,100000.0,4800000.0,4900000.0,14300000.0
2014,BE,Belgium,CEPA4,"Protection and remediation of soil, groundwater and surface water",41100000.0,30700000.0,25500000.0,56200000.0,97300000.0
2017,LV,Latvia,CEPA6,Protection of biodiversity and landscapes,600000.0,100000.0,,100000.0,700000.0
2014,SE,Sweden,CEPA4,"Protection and remediation of soil, groundwater and surface water",0.0,1500000.0,,1500000.0,1500000.0
2021,NO,Norway,CEPA7-9,Protection against radiation; environmental research and development; other environmental protection activities,14600000.0,0.0,,0.0,14600000.0
2015,IE,Ireland,CEPA9,Other environmental protection activities,4100000.0,,400000.0,400000.0,4500000.0
2016,RO,Romania,CEPA2,Wastewater management,210600000.0,100000.0,73900000.0,74000000.0,284600000.0
2018,SE,Sweden,CEPA1,Protection of ambient air and climate,60900000.0,0.0,256100000.0,256100000.0,317000000.0
2014,PL,Poland,CEPA6,Protection of biodiversity and landscapes,13100000.0,0.0,7000000.0,7000000.0,20100000.0
2020,NO,Norway,CEPA4,"Protection and remediation of soil, groundwater and surface water",3700000.0,2600000.0,,2600000.0,6300000.0
2021,RO,Romania,CEPA7-9,Protection against radiation; environmental research and development; other environmental protection activities,16400000.0,0.0,6300000.0,6300000.0,22700000.0
2018,MT,Malta,CEPA3,Waste management,10100000.0,1000000.0,3800000.0,4800000.0,14900000.0
2019,CH,Switzerland,CEPA9,Other environmental protection activities,,9600000.0,,9600000.0,9600000.0
2022,CH,Switzerland,CEPA2,Wastewater management,608300000.0,239400000.0,91600000.0,331000000.0,939300000.0
2018,HR,Croatia,CEPA2,Wastewater management,19900000.0,19100000.0,,19100000.0,39000000.0
2016,BG,Bulgaria,CEPA9,Other environmental protection activities,900000.0,0.0,3100000.0,3100000.0,4000000.0
2021,NO,Norway,CEPA3,Waste management,70000000.0,196000000.0,,196000000.0,266000000.0
2015,RO,Romania,CEPA6,Protection of biodiversity and landscapes,0.0,0.0,2800000.0,2800000.0,2800000.0
2018,RO,Romania,CEPA5,Noise and vibration abatement (excluding workplace protection),800000.0,0.0,4100000.0,4100000.0,4900000.0
2014,BG,Bulgaria,CEPA8,Environmental research and development,300000.0,900000.0,1700000.0,2600000.0,2900000.0
2014,PL,Poland,CEPA4,"Protection and remediation of soil, groundwater and surface water",6900000.0,0.0,8300000.0,8300000.0,15200000.0
2017,SI,Slovenia,CEPA6,Protection of biodiversity and landscapes,3700000.0,0.0,7200000.0,7200000.0,10900000.0
2022,BE,Belgium,CEPA9,Other environmental protection activities,52200000.0,26300000.0,35200000.0,61500000.0,113700000.0
2018,RO,Romania,CEPA7-9,Protection against radiation; environmental research and development; other environmental protection activities,8200000.0,100000.0,34000000.0,34100000.0,42300000.0
2022,MT,Malta,CEPA1,Protection of ambient air and climate,200000.0,0.0,0.0,0.0,200000.0
2015,FI,Finland,CEPA6,Protection of biodiversity and landscapes,11100000.0,0.0,,0.0,11100000.0
2022,SI,Slovenia,CEPA1,Protection of ambient air and climate,24500000.0,0.0,135900000.0,135900000.0,160400000.0
2020,BE,Belgium,CEPA7,Protection against radiation (excluding external safety),100000.0,23100000.0,0.0,23100000.0,23200000.0
2016,NO,Norway,CEPA7-9,Protection against radiation; environmental research and development; other environmental protection activities,7500000.0,,3500000.0,3500000.0,11000000.0
2018,PT,Portugal,CEPA2,Wastewater management,72400000.0,85000000.0,35700000.0,120700000.0,193100000.0
2020,BG,Bulgaria,CEPA5,Noise and vibration abatement (excluding workplace protection),100000.0,0.0,0.0,0.0,100000.0
2022,PL,Poland,CEPA8,Environmental research and development,100000.0,200000.0,2400000.0,2600000.0,2700000.0
2016,BG,Bulgaria,CEPA6,Protection of biodiversity and landscapes,100000.0,0.0,0.0,0.0,100000.0
2017,LT,Lithuania,CEPA9,Other environmental protection activities,6200000.0,100000.0,0.0,100000.0,6300000.0
2021,DE,Germany,CEPA2,Wastewater management,1799000000.0,5021000000.0,1144500000.0,6165500000.0,7964500000.0
2021,AT,Austria,CEPA3,Waste management,18100000.0,407400000.0,,407400000.0,425500000.0
2019,EL,Greece,CEPA7-9,Protection against radiation; environmental research and development; other environmental protection activities,0.0,0.0,2300000.0,2300000.0,2300000.0
2020,EL,Greece,CEPA7-9,Protection against radiation; environmental research and development; other environmental protection activities,0.0,0.0,2300000.0,2300000.0,2300000.0
2018,DE,Germany,CEPA1,Protection of ambient air and climate,355500000.0,0.0,897900000.0,897900000.0,1253400000.0
2020,DE,Germany,CEPA2,Wastewater management,1521000000.0,5657000000.0,1038600000.0,6695600000.0,8216600000.0
2020,AT,Austria,CEPA7-9,Protection against radiation; environmental research and development; other environmental protection activities,41500000.0,152600000.0,,152600000.0,194100000.0
2020,IE,Ireland,CEPA6,Protection of biodiversity and landscapes,2300000.0,0.0,,0.0,2300000.0
2021,SE,Sweden,CEPA5,Noise and vibration abatement (excluding workplace protection),0.0,0.0,44800000.0,44800000.0,44800000.0
2015,IE,Ireland,CEPA7-9,Protection against radiation; environmental research and development; other environmental protection activities,4100000.0,0.0,400000.0,400000.0,4500000.0
2021,AT,Austria,CEPA5,Noise and vibration abatement (excluding workplace protection),0.0,4700000.0,,4700000.0,4700000.0
2020,LV,Latvia,CEPA9,Other environmental protection activities,6100000.0,,100000.0,100000.0,6200000.0
2017,NO,Norway,CEPA8,Environmental research and development,16300000.0,,5500000.0,5500000.0,21800000.0
2021,FI,Finland,CEPA7,Protection against radiation (excluding external safety),200000.0,0.0,,0.0,200000.0
2016,IE,Ireland,CEPA2,Wastewater management,293600000.0,1000000.0,20000000.0,21000000.0,314600000.0
2015,RO,Romania,CEPA7-9,Protection against radiation; environmental research and development; other environmental protection activities,1300000.0,55000000.0,34000000.0,89000000.0,90300000.0
2021,DE,Germany,CEPA8,Environmental research and development,504000000.0,0.0,,0.0,504000000.0
2019,SI,Slovenia,CEPA5,Noise and vibration abatement (excluding workplace protection),100000.0,0.0,4300000.0,4300000.0,4400000.0
2022,DE,Germany,CEPA6,Protection of biodiversity and landscapes,211000000.0,0.0,85300000.0,85300000.0,296300000.0
2021,IE,Ireland,CEPA4,"Protection and remediation of soil, groundwater and surface water",500000.0,300000.0,,300000.0,800000.0
2019,IE,Ireland,CEPA9,Other environmental protection activities,8200000.0,,0.0,0.0,8200000.0
2019,RO,Romania,CEPA7-9,Protection against radiation; environmental research and development; other environmental protection activities,7300000.0,0.0,12800000.0,12800000.0,20100000.0
2014,PL,Poland,CEPA3,Waste management,40900000.0,346800000.0,84100000.0,430900000.0,471800000.0
2014,PT,Portugal,CEPA5,Noise and vibration abatement (excluding workplace protection),0.0,100000.0,,100000.0,100000.0
2014,DE,Germany,CEPA5,Noise and vibration abatement (excluding workplace protection),,,94100000.0,94100000.0,94100000.0
2019,PL,Poland,CEPA4,"Protection and remediation of soil, groundwater and surface water",2000000.0,0.0,17800000.0,17800000.0,19800000.0
2022,PL,Poland,CEPA2,Wastewater management,713800000.0,562200000.0,143500000.0,705700000.0,1419500000.0
2020,RO,Romania,CEPA3,Waste management,60600000.0,71200000.0,15500000.0,86700000.0,147300000.0
2022,AT,Austria,CEPA4,"Protection and remediation of soil, groundwater and surface water",600000.0,166100000.0,,166100000.0,166700000.0
2015,DE,Germany,CEPA6,Protection of biodiversity and landscapes,149000000.0,,56700000.0,56700000.0,205700000.0
2018,SE,Sweden,CEPA3,Waste management,726600000.0,264900000.0,70900000.0,335800000.0,1062400000.0
2015,SE,Sweden,CEPA4,"Protection and remediation of soil, groundwater and surface water",100000.0,3000000.0,,3000000.0,3100000.0
2022,LT,Lithuania,CEPA7,Protection against radiation (excluding external safety),66400000.0,0.0,0.0,0.0,66400000.0
2014,NO,Norway,CEPA8,Environmental research and development,6200000.0,,0.0,0.0,6200000.0
2021,CH,Switzerland,CEPA1,Protection of ambient air and climate,3900000.0,7200000.0,202800000.0,210000000.0,213900000.0
2019,FI,Finland,CEPA7,Protection against radiation (excluding external safety),1600000.0,0.0,,0.0,1600000.0
2020,DE,Germany,CEPA7,Protection against radiation (excluding external safety),4500000.0,0.0,,0.0,4500000.0
2020,FI,Finland,CEPA1,Protection of ambient air and climate,100000.0,0.0,81300000.0,81300000.0,81400000.0
2018,CH,Switzerland,CEPA8,Environmental research and development,,13400000.0,,13400000.0,13400000.0
2021,HR,Croatia,CEPA3,Waste management,62300000.0,27100000.0,,27100000.0,89400000.0
2020,AT,Austria,CEPA9,Other environmental protection activities,1900000.0,93100000.0,,93100000.0,95000000.0
2016,DE,Germany,CEPA2,Wastewater management,1426000000.0,4192000000.0,1047900000.0,5239900000.0,6665900000.0
2022,DE,Germany,CEPA5,Noise and vibration abatement (excluding workplace protection),59200000.0,0.0,102500000.0,102500000.0,161700000.0
2018,RO,Romania,CEPA3,Waste management,67700000.0,54400000.0,19200000.0,73600000.0,141300000.0
2019,DE,Germany,CEPA112_122,Protection of climate and ozone layer,,,498800000.0,498800000.0,498800000.0
2020,NO,Norway,CEPA5,Noise and vibration abatement (excluding workplace protection),11100000.0,0.0,,0.0,11100000.0
2014,AT,Austria,CEPA2,Wastewater management,5600000.0,95700000.0,24400000.0,120100000.0,125700000.0
2017,SE,Sweden,CEPA6,Protection of biodiversity and landscapes,42800000.0,0.0,,0.0,42800000.0
2014,BE,Belgium,CEPA7,Protection against radiation (excluding external safety),0.0,12600000.0,0.0,12600000.0,12600000.0
2016,LT,Lithuania,CEPA4,"Protection and remediation of soil, groundwater and surface water",0.0,2300000.0,5900000.0,8200000.0,8200000.0
2017,RO,Romania,CEPA6,Protection of biodiversity and landscapes,0.0,0.0,1900000.0,1900000.0,1900000.0
2015,LV,Latvia,CEPA1,Protection of ambient air and climate,1300000.0,3700000.0,,3700000.0,5000000.0
2014,AT,Austria,CEPA6,Protection of biodiversity and landscapes,4100000.0,0.0,12300000.0,12300000.0,16400000.0
2019,NO,Norway,CEPA1,Protection of ambient air and climate,21800000.0,0.0,,0.0,21800000.0
2014,NO,Norway,CEPA9,Other environmental protection activities,2300000.0,,9800000.0,9800000.0,12100000.0
2015,SI,Slovenia,CEPA3,Waste management,72800000.0,80700000.0,21800000.0,102500000.0,175300000.0
2021,DE,Germany,CEPA112_122,Protection of climate and ozone layer,,,459000000.0,459000000.0,459000000.0
2015,SE,Sweden,CEPA1,Protection of ambient air and climate,44500000.0,,,0.0,44500000.0
2015,AT,Austria,CEPA4,"Protection and remediation of soil, groundwater and surface water",0.0,80100000.0,26700000.0,106800000.0,106800000.0
2021,BG,Bulgaria,CEPA4,"Protection and remediation of soil, groundwater and surface water",800000.0,0.0,2900000.0,2900000.0,3700000.0
2017,SE,Sweden,CEPA2,Wastewater management,426400000.0,133700000.0,,133700000.0,560100000.0
2014,RO,Romania,CEPA6,Protection of biodiversity and landscapes,0.0,0.0,3000000.0,3000000.0,3000000.0
2020,CH,Switzerland,CEPA7,Protection against radiation (excluding external safety),5400000.0,0.0,28800000.0,28800000.0,34200000.0
2016,BG,Bulgaria,CEPA8,Environmental research and development,300000.0,0.0,1400000.0,1400000.0,1700000.0
2016,FI,Finland,CEPA7-9,Protection against radiation; environmental research and development; other environmental protection activities,12700000.0,0.0,,0.0,12700000.0
2017,EL,Greece,CEPA9,Other environmental protection activities,0.0,0.0,3800000.0,3800000.0,3800000.0
2018,LV,Latvia,CEPA1,Protection of ambient air and climate,4500000.0,300000.0,9200000.0,9500000.0,14000000.0
2019,LV,Latvia,CEPA1,Protection of ambient air and climate,6300000.0,1500000.0,9600000.0,11100000.0,17400000.0
2018,CH,Switzerland,CEPA3,Waste management,448600000.0,223100000.0,40700000.0,263800000.0,712400000.0
2022,HR,Croatia,CEPA4,"Protection and remediation of soil, groundwater and surface water",20100000.0,0.0,,0.0,20100000.0
2014,HR,Croatia,CEPA2,Wastewater management,15000000.0,16600000.0,74400000.0,91000000.0,106000000.0
2020,EL,Greece,CEPA1,Protection of ambient air and climate,0.0,0.0,3800000.0,3800000.0,3800000.0
2018,SI,Slovenia,CEPA9,Other environmental protection activities,2800000.0,0.0,31000000.0,31000000.0,33800000.0
2022,HR,Croatia,CEPA3,Waste management,30900000.0,24400000.0,,24400000.0,55300000.0
2022,PL,Poland,CEPA3,Waste management,51200000.0,170900000.0,39000000.0,209900000.0,261100000.0
2016,LT,Lithuania,CEPA2,Wastewater management,700000.0,8400000.0,6800000.0,15200000.0,15900000.0
2021,RO,Romania,CEPA1,Protection of ambient air and climate,11500000.0,0.0,46200000.0,46200000.0,57700000.0
2022,PL,Poland,CEPA6,Protection of biodiversity and landscapes,75800000.0,0.0,300000.0,300000.0,76100000.0
2020,LT,Lithuania,CEPA2,Wastewater management,2500000.0,77400000.0,23300000.0,100700000.0,103200000.0
2015,HR,Croatia,CEPA1,Protection of ambient air and climate,600000.0,200000.0,28500000.0,28700000.0,29300000.0
2017,BG,Bulgaria,CEPA4,"Protection and remediation of soil, groundwater and surface water",3500000.0,0.0,1100000.0,1100000.0,4600000.0
2019,NO,Norway,CEPA4,"Protection and remediation of soil, groundwater and surface water",5800000.0,1200000.0,,1200000.0,7000000.0
2016,HR,Croatia,CEPA5,Noise and vibration abatement (excluding workplace protection),0.0,0.0,1500000.0,1500000.0,1500000.0
2018,BE,Belgium,CEPA7,Protection against radiation (excluding external safety),100000.0,19800000.0,0.0,19800000.0,19900000.0
2020,DE,Germany,CEPA7-9,Protection against radiation; environmental research and development; other environmental protection activities,513500000.0,0.0,0.0,0.0,513500000.0
2017,RO,Romania,CEPA5,Noise and vibration abatement (excluding workplace protection),1200000.0,0.0,8200000.0,8200000.0,9400000.0
2021,PT,Portugal,CEPA8,Environmental research and development,51900000.0,22100000.0,,22100000.0,74000000.0
2017,MT,Malta,CEPA3,Waste management,6100000.0,600000.0,4300000.0,4900000.0,11000000.0
2020,CH,Switzerland,CEPA3,Waste management,504700000.0,262300000.0,61700000.0,324000000.0,828700000.0
2021,FI,Finland,CEPA5,Noise and vibration abatement (excluding workplace protection),10200000.0,0.0,400000.0,400000.0,10600000.0
2015,DE,Germany,CEPA9,Other environmental protection activities,32000000.0,,,0.0,32000000.0
2017,FI,Finland,CEPA8,Environmental research and development,0.0,,6400000.0,6400000.0,6400000.0
2018,PL,Poland,CEPA1,Protection of ambient air and climate,40600000.0,3500000.0,557300000.0,560800000.0,601400000.0
2018,HR,Croatia,CEPA1,Protection of ambient air and climate,400000.0,0.0,,0.0,400000.0
2022,CH,Switzerland,CEPA5,Noise and vibration abatement (excluding workplace protection),26500000.0,0.0,73400000.0,73400000.0,99900000.0
2016,AT,Austria,CEPA3,Waste management,2500000.0,142700000.0,20500000.0,163200000.0,165700000.0
2015,HR,Croatia,CEPA2,Wastewater management,19000000.0,20800000.0,72400000.0,93200000.0,112200000.0
2017,LT,Lithuania,CEPA4,"Protection and remediation of soil, groundwater and surface water",0.0,200000.0,400000.0,600000.0,600000.0
2020,FI,Finland,CEPA7,Protection against radiation (excluding external safety),1100000.0,0.0,,0.0,1100000.0
2022,LT,Lithuania,CEPA4,"Protection and remediation of soil, groundwater and surface water",0.0,200000.0,400000.0,600000.0,600000.0
2017,BG,Bulgaria,CEPA2,Wastewater management,72800000.0,1200000.0,13500000.0,14700000.0,87500000.0
2016,EL,Greece,CEPA7-9,Protection against radiation; environmental research and development; other environmental protection activities,0.0,0.0,2500000.0,2500000.0,2500000.0
2022,IE,Ireland,CEPA3,Waste management,29800000.0,53500000.0,,53500000.0,83300000.0
2019,LT,Lithuania,CEPA1,Protection of ambient air and climate,6500000.0,700000.0,35600000.0,36300000.0,42800000.0
2016,PL,Poland,CEPA6,Protection of biodiversity and landscapes,24100000.0,0.0,900000.0,900000.0,25000000.0
2022,FI,Finland,CEPA6,Protection of biodiversity and landscapes,18200000.0,0.0,13600000.0,13600000.0,31800000.0
2016,BE,Belgium,CEPA2,Wastewater management,110400000.0,60600000.0,236300000.0,296900000.0,407300000.0
2017,PL,Poland,CEPA7,Protection against radiation (excluding external safety),100000.0,0.0,0.0,0.0,100000.0
2018,PT,Portugal,CEPA6,Protection of biodiversity and landscapes,6700000.0,3300000.0,12800000.0,16100000.0,22800000.0
2021,BG,Bulgaria,CEPA8,Environmental research and development,400000.0,0.0,0.0,0.0,400000.0
2020,CH,Switzerland,CEPA4,"Protection and remediation of soil, groundwater and surface water",36800000.0,1400000.0,38500000.0,39900000.0,76700000.0
2016,LV,Latvia,CEPA4,"Protection and remediation of soil, groundwater and surface water",0.0,300000.0,,300000.0,300000.0
2020,SI,Slovenia,CEPA1,Protection of ambient air and climate,8600000.0,0.0,195900000.0,195900000.0,204500000.0
2015,LV,Latvia,CEPA4,"Protection and remediation of soil, groundwater and surface water",0.0,300000.0,,300000.0,300000.0
2020,SI,Slovenia,CEPA4,"Protection and remediation of soil, groundwater and surface water",4600000.0,0.0,6200000.0,6200000.0,10800000.0
2019,LV,Latvia,CEPA2,Wastewater management,1100000.0,30100000.0,2600000.0,32700000.0,33800000.0
2017,LV,Latvia,CEPA4,"Protection and remediation of soil, groundwater and surface water",0.0,1200000.0,,1200000.0,1200000.0
2014,LT,Lithuania,CEPA4,"Protection and remediation of soil, groundwater and surface water",0.0,400000.0,100000.0,500000.0,500000.0
2018,MT,Malta,CEPA9,Other environmental protection activities,100000.0,0.0,0.0,0.0,100000.0
2016,MT,Malta,CEPA9,Other environmental protection activities,100000.0,0.0,0.0,0.0,100000.0
2022,BG,Bulgaria,CEPA9,Other environmental protection activities,22900000.0,300000.0,6900000.0,7200000.0,30100000.0
2015,MT,Malta,CEPA8,Environmental research and development,100000.0,0.0,0.0,0.0,100000.0
2018,IE,Ireland,CEPA9,Other environmental protection activities,12000000.0,,100000.0,100000.0,12100000.0
2015,DE,Germany,CEPA1,Protection of ambient air and climate,,,918100000.0,918100000.0,918100000.0
2022,PT,Portugal,CEPA3,Waste management,29900000.0,212100000.0,,212100000.0,242000000.0
2019,DE,Germany,CEPA7,Protection against radiation (excluding external safety),4200000.0,,,0.0,4200000.0
2019,RO,Romania,CEPA5,Noise and vibration abatement (excluding workplace protection),1100000.0,0.0,800000.0,800000.0,1900000.0
2019,AT,Austria,CEPA5,Noise and vibration abatement (excluding workplace protection),100000.0,2900000.0,0.0,2900000.0,3000000.0
2016,LT,Lithuania,CEPA9,Other environmental protection activities,2100000.0,100000.0,0.0,100000.0,2200000.0
2019,RO,Romania,CEPA1,Protection of ambient air and climate,1700000.0,500000.0,112400000.0,112900000.0,114600000.0
2019,BG,Bulgaria,CEPA3,Waste management,41500000.0,13200000.0,29000000.0,42200000.0,83700000.0
2022,SE,Sweden,CEPA2,Wastewater management,562100000.0,240100000.0,,240100000.0,802200000.0
2015,SI,Slovenia,CEPA1,Protection of ambient air and climate,2700000.0,100000.0,68200000.0,68300000.0,71000000.0
2018,CH,Switzerland,CEPA1,Protection of ambient air and climate,2600000.0,4200000.0,112800000.0,117000000.0,119600000.0
2018,NO,Norway,CEPA4,"Protection and remediation of soil, groundwater and surface water",2600000.0,500000.0,,500000.0,3100000.0
2015,DE,Germany,CEPA112_122,Protection of climate and ozone layer,,,217900000.0,217900000.0,217900000.0
2017,LV,Latvia,CEPA3,Waste management,13200000.0,14300000.0,,14300000.0,27500000.0
2014,DE,Germany,CEPA3,Waste management,718000000.0,1109000000.0,226600000.0,1335600000.0,2053600000.0
2018,SI,Slovenia,CEPA6,Protection of biodiversity and landscapes,6500000.0,0.0,13100000.0,13100000.0,19600000.0
2018,BE,Belgium,CEPA3,Waste management,251000000.0,858100000.0,26200000.0,884300000.0,1135300000.0
2020,BG,Bulgaria,CEPA6,Protection of biodiversity and landscapes,1900000.0,0.0,1100000.0,1100000.0,3000000.0
2018,RO,Romania,CEPA6,Protection of biodiversity and landscapes,0.0,0.0,2700000.0,2700000.0,2700000.0
2016,PT,Portugal,CEPA4,"Protection and remediation of soil, groundwater and surface water",0.0,1200000.0,7900000.0,9100000.0,9100000.0
2015,LT,Lithuania,CEPA9,Other environmental protection activities,12500000.0,0.0,0.0,0.0,12500000.0
2017,LT,Lithuania,CEPA2,Wastewater management,1300000.0,18800000.0,2000000.0,20800000.0,22100000.0
2021,FI,Finland,CEPA8,Environmental research and development,0.0,0.0,,0.0,0.0
2020,FI,Finland,CEPA8,Environmental research and development,0.0,0.0,,0.0,0.0
2017,LT,Lithuania,CEPA8,Environmental research and development,0.0,200000.0,0.0,200000.0,200000.0
2019,FI,Finland,CEPA8,Environmental research and development,0.0,0.0,,0.0,0.0
2018,FI,Finland,CEPA8,Environmental research and development,0.0,0.0,,0.0,0.0
2020,BG,Bulgaria,CEPA9,Other environmental protection activities,1600000.0,600000.0,8600000.0,9200000.0,10800000.0
2022,PT,Portugal,CEPA9,Other environmental protection activities,30200000.0,1000000.0,,1000000.0,31200000.0
2022,BG,Bulgaria,CEPA5,Noise and vibration abatement (excluding workplace protection),700000.0,0.0,300000.0,300000.0,1000000.0
2022,SE,Sweden,CEPA3,Waste management,1103200000.0,309800000.0,,309800000.0,1413000000.0
2021,DE,Germany,CEPA7,Protection against radiation (excluding external safety),600000.0,0.0,,0.0,600000.0
2022,DE,Germany,CEPA2,Wastewater management,1968000000.0,5489000000.0,1151600000.0,6640600000.0,8608600000.0
2019,AT,Austria,CEPA7-9,Protection against radiation; environmental research and development; other environmental protection activities,42300000.0,131400000.0,47700000.0,179100000.0,221400000.0
2022,DE,Germany,CEPA7,Protection against radiation (excluding external safety),600000.0,0.0,,0.0,600000.0
2015,EL,Greece,CEPA2,Wastewater management,233000000.0,3700000.0,4400000.0,8100000.0,241100000.0
2014,CH,Switzerland,CEPA6,Protection of biodiversity and landscapes,37100000.0,6800000.0,,6800000.0,43900000.0
2016,BG,Bulgaria,CEPA3,Waste management,38700000.0,36800000.0,22200000.0,59000000.0,97700000.0
2016,BE,Belgium,CEPA7-9,Protection against radiation; environmental research and development; other environmental protection activities,23600000.0,42800000.0,67900000.0,110700000.0,134300000.0
2020,SE,Sweden,CEPA7-9,Protection against radiation; environmental research and development; other environmental protection activities,50600000.0,0.0,68900000.0,68900000.0,119500000.0
2020,FI,Finland,CEPA5,Noise and vibration abatement (excluding workplace protection),11200000.0,0.0,300000.0,300000.0,11500000.0
2015,NO,Norway,CEPA8,Environmental research and development,5900000.0,,0.0,0.0,5900000.0
2015,CH,Switzerland,CEPA2,Wastewater management,528300000.0,160900000.0,73600000.0,234500000.0,762800000.0
2020,EL,Greece,CEPA3,Waste management,272000000.0,29400000.0,1100000.0,30500000.0,302500000.0
2014,PT,Portugal,CEPA8,Environmental research and development,42300000.0,10800000.0,,10800000.0,53100000.0
2019,HR,Croatia,CEPA2,Wastewater management,27800000.0,20500000.0,,20500000.0,48300000.0
2014,DE,Germany,CEPA8,Environmental research and development,241000000.0,,,0.0,241000000.0
2016,SI,Slovenia,CEPA7-9,Protection against radiation; environmental research and development; other environmental protection activities,27500000.0,0.0,8200000.0,8200000.0,35700000.0
2021,LT,Lithuania,CEPA7,Protection against radiation (excluding external safety),51300000.0,0.0,0.0,0.0,51300000.0
2019,BG,Bulgaria,CEPA4,"Protection and remediation of soil, groundwater and surface water",1700000.0,100000.0,4900000.0,5000000.0,6700000.0
2021,BE,Belgium,CEPA7,Protection against radiation (excluding external safety),100000.0,20200000.0,0.0,20200000.0,20300000.0
2018,PT,Portugal,CEPA5,Noise and vibration abatement (excluding workplace protection),0.0,14800000.0,3600000.0,18400000.0,18400000.0
2018,CH,Switzerland,CEPA2,Wastewater management,459000000.0,184400000.0,71400000.0,255800000.0,714800000.0
2022,CH,Switzerland,CEPA4,"Protection and remediation of soil, groundwater and surface water",39600000.0,1800000.0,42000000.0,43800000.0,83400000.0
2016,SI,Slovenia,CEPA6,Protection of biodiversity and landscapes,2600000.0,0.0,3100000.0,3100000.0,5700000.0
2018,EL,Greece,CEPA2,Wastewater management,96000000.0,2900000.0,4900000.0,7800000.0,103800000.0
2016,LV,Latvia,CEPA6,Protection of biodiversity and landscapes,700000.0,100000.0,,100000.0,800000.0
2017,PT,Portugal,CEPA5,Noise and vibration abatement (excluding workplace protection),0.0,11900000.0,11300000.0,23200000.0,23200000.0
2015,PL,Poland,CEPA2,Wastewater management,706900000.0,760900000.0,120300000.0,881200000.0,1588100000.0
2019,NO,Norway,CEPA5,Noise and vibration abatement (excluding workplace protection),11500000.0,0.0,,0.0,11500000.0
2016,SI,Slovenia,CEPA5,Noise and vibration abatement (excluding workplace protection),0.0,0.0,8900000.0,8900000.0,8900000.0
2019,DE,Germany,CEPA5,Noise and vibration abatement (excluding workplace protection),426300000.0,0.0,96000000.0,96000000.0,522300000.0
2018,SI,Slovenia,CEPA3,Waste management,10000000.0,12800000.0,53900000.0,66700000.0,76700000.0
2014,HR,Croatia,CEPA1,Protection of ambient air and climate,600000.0,300000.0,26200000.0,26500000.0,27100000.0
2016,SI,Slovenia,CEPA3,Waste management,30700000.0,31600000.0,31000000.0,62600000.0,93300000.0
2014,PL,Poland,CEPA1,Protection of ambient air and climate,49000000.0,13200000.0,1027300000.0,1040500000.0,1089500000.0
2016,SE,Sweden,CEPA3,Waste management,665400000.0,260700000.0,,260700000.0,926100000.0
2020,NO,Norway,CEPA7-9,Protection against radiation; environmental research and development; other environmental protection activities,12300000.0,0.0,,0.0,12300000.0
2017,EL,Greece,CEPA4,"Protection and remediation of soil, groundwater and surface water",0.0,100000.0,0.0,100000.0,100000.0
2018,BG,Bulgaria,CEPA1,Protection of ambient air and climate,400000.0,0.0,46600000.0,46600000.0,47000000.0
2018,LT,Lithuania,CEPA7,Protection against radiation (excluding external safety),22500000.0,0.0,0.0,0.0,22500000.0
2019,PL,Poland,CEPA6,Protection of biodiversity and landscapes,18300000.0,0.0,2000000.0,2000000.0,20300000.0
2014,SI,Slovenia,CEPA6,Protection of biodiversity and landscapes,3400000.0,0.0,300000.0,300000.0,3700000.0
2016,NO,Norway,CEPA2,Wastewater management,712000000.0,8900000.0,44600000.0,53500000.0,765500000.0
2020,DE,Germany,CEPA8,Environmental research and development,456000000.0,0.0,,0.0,456000000.0
2021,BG,Bulgaria,CEPA1,Protection of ambient air and climate,200000.0,0.0,150900000.0,150900000.0,151100000.0
2020,HR,Croatia,CEPA1,Protection of ambient air and climate,700000.0,100000.0,,100000.0,800000.0
2018,BG,Bulgaria,CEPA7-9,Protection against radiation; environmental research and development; other environmental protection activities,3300000.0,0.0,4700000.0,4700000.0,8000000.0
2019,IE,Ireland,CEPA3,Waste management,27200000.0,35000000.0,12100000.0,47100000.0,74300000.0
2020,LT,Lithuania,CEPA7,Protection against radiation (excluding external safety),14900000.0,1300000.0,100000.0,1400000.0,16300000.0
2018,LV,Latvia,CEPA7-9,Protection against radiation; environmental research and development; other environmental protection activities,6200000.0,0.0,500000.0,500000.0,6700000.0
2022,AT,Austria,CEPA8,Environmental research and development,47700000.0,85200000.0,,85200000.0,132900000.0
2016,LT,Lithuania,CEPA1,Protection of ambient air and climate,800000.0,1900000.0,67400000.0,69300000.0,70100000.0
2021,FI,Finland,CEPA6,Protection of biodiversity and landscapes,14800000.0,0.0,2300000.0,2300000.0,17100000.0
2016,PL,Poland,CEPA2,Wastewater management,223600000.0,218100000.0,80300000.0,298400000.0,522000000.0
2018,AT,Austria,CEPA2,Wastewater management,9200000.0,492800000.0,47600000.0,540400000.0,549600000.0
2022,PT,Portugal,CEPA6,Protection of biodiversity and landscapes,14900000.0,3700000.0,,3700000.0,18600000.0
2019,NO,Norway,CEPA2,Wastewater management,721500000.0,25500000.0,,25500000.0,747000000.0
2018,DE,Germany,CEPA8,Environmental research and development,394000000.0,,,0.0,394000000.0
2014,FI,Finland,CEPA1,Protection of ambient air and climate,0.0,0.0,,0.0,0.0
2015,FI,Finland,CEPA1,Protection of ambient air and climate,0.0,0.0,,0.0,0.0
2016,FI,Finland,CEPA1,Protection of ambient air and climate,0.0,0.0,,0.0,0.0
2017,EL,Greece,CEPA3,Waste management,137000000.0,34400000.0,4100000.0,38500000.0,175500000.0
2015,SE,Sweden,CEPA9,Other environmental protection activities,33800000.0,,,0.0,33800000.0
2017,PL,Poland,CEPA3,Waste management,13000000.0,105300000.0,85800000.0,191100000.0,204100000.0
2016,IE,Ireland,CEPA7-9,Protection against radiation; environmental research and development; other environmental protection activities,9900000.0,0.0,1200000.0,1200000.0,11100000.0
2015,BE,Belgium,CEPA7-9,Protection against radiation; environmental research and development; other environmental protection activities,21400000.0,39800000.0,62500000.0,102300000.0,123700000.0
2015,PT,Portugal,CEPA5,Noise and vibration abatement (excluding workplace protection),0.0,14600000.0,1700000.0,16300000.0,16300000.0
2016,PT,Portugal,CEPA7-9,Protection against radiation; environmental research and development; other environmental protection activities,64700000.0,12300000.0,3400000.0,15700000.0,80400000.0
2014,FI,Finland,CEPA7-9,Protection against radiation; environmental research and development; other environmental protection activities,20400000.0,0.0,,0.0,20400000.0
2020,RO,Romania,CEPA1,Protection of ambient air and climate,5400000.0,0.0,82600000.0,82600000.0,88000000.0
2015,BG,Bulgaria,CEPA3,Waste management,221400000.0,53900000.0,25600000.0,79500000.0,300900000.0
2014,RO,Romania,CEPA8,Environmental research and development,0.0,0.0,5400000.0,5400000.0,5400000.0
2016,SE,Sweden,CEPA2,Wastewater management,349300000.0,156800000.0,,156800000.0,506100000.0
2016,BE,Belgium,CEPA4,"Protection and remediation of soil, groundwater and surface water",24300000.0,29500000.0,27000000.0,56500000.0,80800000.0
2022,EL,Greece,CEPA7-9,Protection against radiation; environmental research and development; other environmental protection activities,0.0,0.0,4700000.0,4700000.0,4700000.0
2016,LT,Lithuania,CEPA8,Environmental research and development,0.0,100000.0,0.0,100000.0,100000.0
2018,BG,Bulgaria,CEPA5,Noise and vibration abatement (excluding workplace protection),900000.0,0.0,0.0,0.0,900000.0
2021,AT,Austria,CEPA4,"Protection and remediation of soil, groundwater and surface water",1500000.0,169300000.0,,169300000.0,170800000.0
2018,RO,Romania,CEPA2,Wastewater management,234400000.0,1400000.0,37700000.0,39100000.0,273500000.0
2015,SI,Slovenia,CEPA8,Environmental research and development,9000000.0,0.0,0.0,0.0,9000000.0
2015,HR,Croatia,CEPA4,"Protection and remediation of soil, groundwater and surface water",23300000.0,100000.0,5700000.0,5800000.0,29100000.0
2017,RO,Romania,CEPA7-9,Protection against radiation; environmental research and development; other environmental protection activities,9000000.0,0.0,22500000.0,22500000.0,31500000.0
2016,SI,Slovenia,CEPA8,Environmental research and development,9000000.0,0.0,0.0,0.0,9000000.0
2016,AT,Austria,CEPA5,Noise and vibration abatement (excluding workplace protection),0.0,2200000.0,19800000.0,22000000.0,22000000.0
2017,BE,Belgium,CEPA5,Noise and vibration abatement (excluding workplace protection),600000.0,36600000.0,21800000.0,58400000.0,59000000.0
2016,IE,Ireland,CEPA6,Protection of biodiversity and landscapes,8100000.0,0.0,1300000.0,1300000.0,9400000.0
2020,PT,Portugal,CEPA7-9,Protection against radiation; environmental research and development; other environmental protection activities,92500000.0,18800000.0,,18800000.0,111300000.0
2022,LV,Latvia,CEPA4,"Protection and remediation of soil, groundwater and surface water",0.0,900000.0,1600000.0,2500000.0,2500000.0
2015,MT,Malta,CEPA7-9,Protection against radiation; environmental research and development; other environmental protection activities,1400000.0,0.0,0.0,0.0,1400000.0
2022,IE,Ireland,CEPA8,Environmental research and development,2700000.0,,,0.0,2700000.0
2019,NO,Norway,CEPA6,Protection of biodiversity and landscapes,77300000.0,0.0,,0.0,77300000.0
2022,LT,Lithuania,CEPA6,Protection of biodiversity and landscapes,25100000.0,300000.0,0.0,300000.0,25400000.0
2020,PL,Poland,CEPA5,Noise and vibration abatement (excluding workplace protection),12500000.0,0.0,11600000.0,11600000.0,24100000.0
2017,BE,Belgium,CEPA6,Protection of biodiversity and landscapes,75300000.0,8300000.0,2200000.0,10500000.0,85800000.0
2014,NO,Norway,CEPA7-9,Protection against radiation; environmental research and development; other environmental protection activities,8600000.0,,9800000.0,9800000.0,18400000.0
2022,LT,Lithuania,CEPA3,Waste management,4300000.0,27000000.0,6100000.0,33100000.0,37400000.0
2021,CH,Switzerland,CEPA8,Environmental research and development,17300000.0,20600000.0,9700000.0,30300000.0,47600000.0
2020,AT,Austria,CEPA6,Protection of biodiversity and landscapes,3100000.0,2200000.0,,2200000.0,5300000.0
2016,DE,Germany,CEPA7-9,Protection against radiation; environmental research and development; other environmental protection activities,,,0.0,0.0,0.0
2017,DE,Germany,CEPA7-9,Protection against radiation; environmental research and development; other environmental protection activities,,,0.0,0.0,0.0
2015,HR,Croatia,CEPA3,Waste management,47700000.0,16100000.0,5200000.0,21300000.0,69000000.0
2014,DE,Germany,CEPA7-9,Protection against radiation; environmental research and development; other environmental protection activities,,,0.0,0.0,0.0
2015,DE,Germany,CEPA7-9,Protection against radiation; environmental research and development; other environmental protection activities,,,0.0,0.0,0.0
2018,FI,Finland,CEPA4,"Protection and remediation of soil, groundwater and surface water",1500000.0,11000000.0,72600000.0,83600000.0,85100000.0
2018,SE,Sweden,CEPA4,"Protection and remediation of soil, groundwater and surface water",100000.0,3200000.0,199500000.0,202700000.0,202800000.0
2017,BG,Bulgaria,CEPA3,Waste management,27100000.0,31100000.0,16300000.0,47400000.0,74500000.0
2022,PL,Poland,CEPA7-9,Protection against radiation; environmental research and development; other environmental protection activities,180700000.0,600000.0,138400000.0,139000000.0,319700000.0
2014,NO,Norway,CEPA5,Noise and vibration abatement (excluding workplace protection),10900000.0,,4000000.0,4000000.0,14900000.0
2021,IE,Ireland,CEPA1,Protection of ambient air and climate,20900000.0,0.0,,0.0,20900000.0
2022,LT,Lithuania,CEPA7-9,Protection against radiation; environmental research and development; other environmental protection activities,71200000.0,0.0,0.0,0.0,71200000.0
2021,FI,Finland,CEPA1,Protection of ambient air and climate,400000.0,0.0,125200000.0,125200000.0,125600000.0
2014,SE,Sweden,CEPA3,Waste management,316700000.0,198200000.0,,198200000.0,514900000.0
2020,RO,Romania,CEPA7,Protection against radiation (excluding external safety),400000.0,0.0,0.0,0.0,400000.0
2017,EL,Greece,CEPA2,Wastewater management,81000000.0,3600000.0,4100000.0,7700000.0,88700000.0
2014,CH,Switzerland,CEPA1,Protection of ambient air and climate,1600000.0,5800000.0,114200000.0,120000000.0,121600000.0
2015,SI,Slovenia,CEPA7-9,Protection against radiation; environmental research and development; other environmental protection activities,10700000.0,0.0,5100000.0,5100000.0,15800000.0
2022,CH,Switzerland,CEPA8,Environmental research and development,19600000.0,19800000.0,10500000.0,30300000.0,49900000.0
2019,IE,Ireland,CEPA7-9,Protection against radiation; environmental research and development; other environmental protection activities,10800000.0,0.0,0.0,0.0,10800000.0
2019,HR,Croatia,CEPA6,Protection of biodiversity and landscapes,1200000.0,0.0,,0.0,1200000.0
2018,HR,Croatia,CEPA6,Protection of biodiversity and landscapes,1200000.0,0.0,,0.0,1200000.0
2020,HR,Croatia,CEPA6,Protection of biodiversity and landscapes,1200000.0,0.0,,0.0,1200000.0
2020,IE,Ireland,CEPA4,"Protection and remediation of soil, groundwater and surface water",600000.0,0.0,,0.0,600000.0
2017,SE,Sweden,CEPA7-9,Protection against radiation; environmental research and development; other environmental protection activities,38200000.0,0.0,,0.0,38200000.0
2017,DE,Germany,CEPA6,Protection of biodiversity and landscapes,147000000.0,,66000000.0,66000000.0,213000000.0
2022,DE,Germany,CEPA7-9,Protection against radiation; environmental research and development; other environmental protection activities,554600000.0,0.0,0.0,0.0,554600000.0
2022,AT,Austria,CEPA2,Wastewater management,2400000.0,484600000.0,,484600000.0,487000000.0
2017,PT,Portugal,CEPA7-9,Protection against radiation; environmental research and development; other environmental protection activities,67600000.0,11600000.0,0.0,11600000.0,79200000.0
2019,PT,Portugal,CEPA8,Environmental research and development,60100000.0,17500000.0,900000.0,18400000.0,78500000.0
2017,SI,Slovenia,CEPA2,Wastewater management,51500000.0,1100000.0,27800000.0,28900000.0,80400000.0
2016,PT,Portugal,CEPA5,Noise and vibration abatement (excluding workplace protection),0.0,15000000.0,2500000.0,17500000.0,17500000.0
2017,AT,Austria,CEPA6,Protection of biodiversity and landscapes,8100000.0,0.0,1300000.0,1300000.0,9400000.0
2022,EL,Greece,CEPA3,Waste management,367000000.0,128700000.0,1700000.0,130400000.0,497400000.0
2021,RO,Romania,CEPA2,Wastewater management,345700000.0,1100000.0,67900000.0,69000000.0,414700000.0
2014,AT,Austria,CEPA3,Waste management,2900000.0,160000000.0,26800000.0,186800000.0,189700000.0
2018,EL,Greece,CEPA4,"Protection and remediation of soil, groundwater and surface water",0.0,400000.0,0.0,400000.0,400000.0
2016,PL,Poland,CEPA5,Noise and vibration abatement (excluding workplace protection),32400000.0,0.0,10400000.0,10400000.0,42800000.0
2019,EL,Greece,CEPA4,"Protection and remediation of soil, groundwater and surface water",0.0,400000.0,0.0,400000.0,400000.0
2015,RO,Romania,CEPA4,"Protection and remediation of soil, groundwater and surface water",13200000.0,300000.0,51400000.0,51700000.0,64900000.0
2014,AT,Austria,CEPA1,Protection of ambient air and climate,6200000.0,5800000.0,103500000.0,109300000.0,115500000.0
2021,PL,Poland,CEPA6,Protection of biodiversity and landscapes,76900000.0,0.0,2000000.0,2000000.0,78900000.0
2018,AT,Austria,CEPA6,Protection of biodiversity and landscapes,5300000.0,1800000.0,11500000.0,13300000.0,18600000.0
2019,DE,Germany,CEPA2,Wastewater management,1440200000.0,5321800000.0,1023300000.0,6345100000.0,7785300000.0
2020,MT,Malta,CEPA2,Wastewater management,0.0,20800000.0,200000.0,21000000.0,21000000.0
2014,EL,Greece,CEPA7-9,Protection against radiation; environmental research and development; other environmental protection activities,0.0,0.0,6700000.0,6700000.0,6700000.0
2021,CH,Switzerland,CEPA6,Protection of biodiversity and landscapes,43300000.0,9600000.0,50500000.0,60100000.0,103400000.0
2020,LV,Latvia,CEPA7-9,Protection against radiation; environmental research and development; other environmental protection activities,6100000.0,0.0,100000.0,100000.0,6200000.0
2016,RO,Romania,CEPA1,Protection of ambient air and climate,8000000.0,0.0,59200000.0,59200000.0,67200000.0
2022,SI,Slovenia,CEPA7-9,Protection against radiation; environmental research and development; other environmental protection activities,17700000.0,100000.0,,100000.0,17800000.0
2020,SI,Slovenia,CEPA5,Noise and vibration abatement (excluding workplace protection),1000000.0,0.0,4900000.0,4900000.0,5900000.0
2015,FI,Finland,CEPA2,Wastewater management,300000.0,149000000.0,,149000000.0,149300000.0
2016,NO,Norway,CEPA9,Other environmental protection activities,1300000.0,,2200000.0,2200000.0,3500000.0
2021,BE,Belgium,CEPA2,Wastewater management,167500000.0,80500000.0,326000000.0,406500000.0,574000000.0
2017,PL,Poland,CEPA4,"Protection and remediation of soil, groundwater and surface water",1500000.0,300000.0,9100000.0,9400000.0,10900000.0
2020,PL,Poland,CEPA3,Waste management,56700000.0,120900000.0,22900000.0,143800000.0,200500000.0
2021,PL,Poland,CEPA5,Noise and vibration abatement (excluding workplace protection),23400000.0,0.0,12600000.0,12600000.0,36000000.0
2020,SE,Sweden,CEPA2,Wastewater management,508900000.0,112400000.0,193200000.0,305600000.0,814500000.0
2018,BE,Belgium,CEPA4,"Protection and remediation of soil, groundwater and surface water",54700000.0,44700000.0,30100000.0,74800000.0,129500000.0
2015,BE,Belgium,CEPA3,Waste management,139800000.0,557800000.0,22000000.0,579800000.0,719600000.0
2017,LT,Lithuania,CEPA5,Noise and vibration abatement (excluding workplace protection),0.0,0.0,7300000.0,7300000.0,7300000.0
2014,PT,Portugal,CEPA3,Waste management,7800000.0,65200000.0,8800000.0,74000000.0,81800000.0
2014,PT,Portugal,CEPA9,Other environmental protection activities,26200000.0,300000.0,,300000.0,26500000.0
2014,FI,Finland,CEPA9,Other environmental protection activities,19000000.0,,,0.0,19000000.0
2015,LT,Lithuania,CEPA2,Wastewater management,2700000.0,17800000.0,2400000.0,20200000.0,22900000.0
2014,HR,Croatia,CEPA6,Protection of biodiversity and landscapes,1300000.0,0.0,700000.0,700000.0,2000000.0
2018,LT,Lithuania,CEPA6,Protection of biodiversity and landscapes,13200000.0,100000.0,0.0,100000.0,13300000.0
2019,SE,Sweden,CEPA5,Noise and vibration abatement (excluding workplace protection),0.0,0.0,16100000.0,16100000.0,16100000.0
2018,BG,Bulgaria,CEPA3,Waste management,38200000.0,13700000.0,13300000.0,27000000.0,65200000.0
2019,RO,Romania,CEPA3,Waste management,105400000.0,58200000.0,14400000.0,72600000.0,178000000.0
2015,EL,Greece,CEPA4,"Protection and remediation of soil, groundwater and surface water",0.0,900000.0,0.0,900000.0,900000.0
2015,EL,Greece,CEPA9,Other environmental protection activities,0.0,0.0,5300000.0,5300000.0,5300000.0
2017,CH,Switzerland,CEPA4,"Protection and remediation of soil, groundwater and surface water",29300000.0,900000.0,,900000.0,30200000.0
2018,BE,Belgium,CEPA1,Protection of ambient air and climate,2100000.0,16000000.0,199800000.0,215800000.0,217900000.0
2014,BG,Bulgaria,CEPA6,Protection of biodiversity and landscapes,1200000.0,0.0,1300000.0,1300000.0,2500000.0
2014,SE,Sweden,CEPA2,Wastewater management,322400000.0,114600000.0,,114600000.0,437000000.0
2016,LT,Lithuania,CEPA5,Noise and vibration abatement (excluding workplace protection),0.0,0.0,5200000.0,5200000.0,5200000.0
2016,DE,Germany,CEPA8,Environmental research and development,348000000.0,,,0.0,348000000.0
2017,IE,Ireland,CEPA3,Waste management,31900000.0,34700000.0,9600000.0,44300000.0,76200000.0
2020,EL,Greece,CEPA4,"Protection and remediation of soil, groundwater and surface water",0.0,900000.0,0.0,900000.0,900000.0
2020,PL,Poland,CEPA9,Other environmental protection activities,179500000.0,1800000.0,92900000.0,94700000.0,274200000.0
2017,DE,Germany,CEPA8,Environmental research and development,369000000.0,,,0.0,369000000.0
2021,AT,Austria,CEPA7-9,Protection against radiation; environmental research and development; other environmental protection activities,50500000.0,166100000.0,,166100000.0,216600000.0
2014,PL,Poland,CEPA5,Noise and vibration abatement (excluding workplace protection),121600000.0,0.0,11100000.0,11100000.0,132700000.0
2017,DE,Germany,CEPA1,Protection of ambient air and climate,,,822100000.0,822100000.0,822100000.0
2019,DE,Germany,CEPA1,Protection of ambient air and climate,300900000.0,0.0,1269000000.0,1269000000.0,1569900000.0
2016,BE,Belgium,CEPA7,Protection against radiation (excluding external safety),200000.0,14700000.0,0.0,14700000.0,14900000.0
2016,BG,Bulgaria,CEPA7-9,Protection against radiation; environmental research and development; other environmental protection activities,1200000.0,0.0,4500000.0,4500000.0,5700000.0
2018,NO,Norway,CEPA6,Protection of biodiversity and landscapes,76100000.0,0.0,,0.0,76100000.0
2017,NO,Norway,CEPA5,Noise and vibration abatement (excluding workplace protection),13200000.0,,400000.0,400000.0,13600000.0
2020,RO,Romania,CEPA7-9,Protection against radiation; environmental research and development; other environmental protection activities,10100000.0,0.0,8000000.0,8000000.0,18100000.0
2019,LT,Lithuania,CEPA9,Other environmental protection activities,18300000.0,0.0,0.0,0.0,18300000.0
2017,SI,Slovenia,CEPA4,"Protection and remediation of soil, groundwater and surface water",500000.0,0.0,4900000.0,4900000.0,5400000.0
2018,BG,Bulgaria,CEPA8,Environmental research and development,0.0,0.0,1300000.0,1300000.0,1300000.0
2022,EL,Greece,CEPA2,Wastewater management,99000000.0,2800000.0,8600000.0,11400000.0,110400000.0
2014,NO,Norway,CEPA4,"Protection and remediation of soil, groundwater and surface water",2300000.0,1200000.0,2000000.0,3200000.0,5500000.0
2018,FI,Finland,CEPA7,Protection against radiation (excluding external safety),1500000.0,0.0,,0.0,1500000.0
2014,IE,Ireland,CEPA2,Wastewater management,413600000.0,1200000.0,17300000.0,18500000.0,432100000.0
2019,EL,Greece,CEPA1,Protection of ambient air and climate,0.0,0.0,5300000.0,5300000.0,5300000.0
2015,BE,Belgium,CEPA5,Noise and vibration abatement (excluding workplace protection),800000.0,32200000.0,18800000.0,51000000.0,51800000.0
2014,LT,Lithuania,CEPA9,Other environmental protection activities,8900000.0,0.0,600000.0,600000.0,9500000.0
2016,PL,Poland,CEPA3,Waste management,34900000.0,112200000.0,60200000.0,172400000.0,207300000.0
2018,PL,Poland,CEPA3,Waste management,62000000.0,92500000.0,44200000.0,136700000.0,198700000.0
2016,RO,Romania,CEPA3,Waste management,140800000.0,27900000.0,12000000.0,39900000.0,180700000.0
2022,AT,Austria,CEPA6,Protection of biodiversity and landscapes,7400000.0,4800000.0,,4800000.0,12200000.0
2018,AT,Austria,CEPA1,Protection of ambient air and climate,1500000.0,14300000.0,172700000.0,187000000.0,188500000.0
2021,SI,Slovenia,CEPA4,"Protection and remediation of soil, groundwater and surface water",14200000.0,0.0,5900000.0,5900000.0,20100000.0
2017,FI,Finland,CEPA3,Waste management,100000.0,126000000.0,35400000.0,161400000.0,161500000.0
2018,PL,Poland,CEPA6,Protection of biodiversity and landscapes,24500000.0,0.0,1000000.0,1000000.0,25500000.0
2019,LV,Latvia,CEPA7-9,Protection against radiation; environmental research and development; other environmental protection activities,4100000.0,0.0,0.0,0.0,4100000.0
2016,CH,Switzerland,CEPA7-9,Protection against radiation; environmental research and development; other environmental protection activities,52200000.0,22400000.0,,22400000.0,74600000.0
2016,AT,Austria,CEPA4,"Protection and remediation of soil, groundwater and surface water",0.0,74800000.0,27800000.0,102600000.0,102600000.0
2017,PL,Poland,CEPA9,Other environmental protection activities,95200000.0,500000.0,58500000.0,59000000.0,154200000.0
2018,PT,Portugal,CEPA4,"Protection and remediation of soil, groundwater and surface water",100000.0,2900000.0,11400000.0,14300000.0,14400000.0
2017,DE,Germany,CEPA5,Noise and vibration abatement (excluding workplace protection),,,119400000.0,119400000.0,119400000.0
2015,PL,Poland,CEPA1,Protection of ambient air and climate,86100000.0,5600000.0,926300000.0,931900000.0,1018000000.0
2020,PT,Portugal,CEPA4,"Protection and remediation of soil, groundwater and surface water",0.0,24100000.0,,24100000.0,24100000.0
2017,FI,Finland,CEPA7-9,Protection against radiation; environmental research and development; other environmental protection activities,16900000.0,0.0,16700000.0,16700000.0,33600000.0
2016,RO,Romania,CEPA7-9,Protection against radiation; environmental research and development; other environmental protection activities,9200000.0,300000.0,17000000.0,17300000.0,26500000.0
2018,PT,Portugal,CEPA9,Other environmental protection activities,15400000.0,600000.0,1300000.0,1900000.0,17300000.0
2022,DE,Germany,CEPA112_122,Protection of climate and ozone layer,,,587700000.0,587700000.0,587700000.0
2017,NO,Norway,CEPA3,Waste management,80700000.0,133600000.0,21500000.0,155100000.0,235800000.0
2019,FI,Finland,CEPA4,"Protection and remediation of soil, groundwater and surface water",800000.0,4000000.0,46600000.0,50600000.0,51400000.0
2022,IE,Ireland,CEPA7-9,Protection against radiation; environmental research and development; other environmental protection activities,11900000.0,0.0,,0.0,11900000.0
2017,SE,Sweden,CEPA3,Waste management,706200000.0,195000000.0,,195000000.0,901200000.0
2019,PL,Poland,CEPA8,Environmental research and development,1400000.0,0.0,800000.0,800000.0,2200000.0
2015,EL,Greece,CEPA1,Protection of ambient air and climate,0.0,0.0,6800000.0,6800000.0,6800000.0
2017,IE,Ireland,CEPA4,"Protection and remediation of soil, groundwater and surface water",4100000.0,0.0,2300000.0,2300000.0,6400000.0
2016,SI,Slovenia,CEPA4,"Protection and remediation of soil, groundwater and surface water",300000.0,0.0,5700000.0,5700000.0,6000000.0
2015,BG,Bulgaria,CEPA4,"Protection and remediation of soil, groundwater and surface water",3700000.0,0.0,600000.0,600000.0,4300000.0
2021,NO,Norway,CEPA4,"Protection and remediation of soil, groundwater and surface water",3500000.0,1800000.0,,1800000.0,5300000.0
2017,AT,Austria,CEPA9,Other environmental protection activities,,64800000.0,100000.0,64900000.0,64900000.0
2022,BG,Bulgaria,CEPA1,Protection of ambient air and climate,3500000.0,0.0,131100000.0,131100000.0,134600000.0
2017,CH,Switzerland,CEPA1,Protection of ambient air and climate,2300000.0,3200000.0,134600000.0,137800000.0,140100000.0
2022,BE,Belgium,CEPA2,Wastewater management,210300000.0,104100000.0,368700000.0,472800000.0,683100000.0
2015,EL,Greece,CEPA3,Waste management,381000000.0,54700000.0,4900000.0,59600000.0,440600000.0
2018,FI,Finland,CEPA5,Noise and vibration abatement (excluding workplace protection),11400000.0,0.0,2100000.0,2100000.0,13500000.0
2015,BG,Bulgaria,CEPA2,Wastewater management,505600000.0,2200000.0,42700000.0,44900000.0,550500000.0
2014,AT,Austria,CEPA5,Noise and vibration abatement (excluding workplace protection),0.0,2000000.0,20000000.0,22000000.0,22000000.0
2014,BG,Bulgaria,CEPA4,"Protection and remediation of soil, groundwater and surface water",2900000.0,0.0,1300000.0,1300000.0,4200000.0
2020,BE,Belgium,CEPA4,"Protection and remediation of soil, groundwater and surface water",45200000.0,44800000.0,32700000.0,77500000.0,122700000.0
2020,DE,Germany,CEPA1,Protection of ambient air and climate,322900000.0,0.0,1241900000.0,1241900000.0,1564800000.0
2015,PT,Portugal,CEPA2,Wastewater management,144200000.0,87600000.0,14700000.0,102300000.0,246500000.0
2015,CH,Switzerland,CEPA1,Protection of ambient air and climate,1700000.0,8400000.0,135400000.0,143800000.0,145500000.0
2015,PL,Poland,CEPA8,Environmental research and development,0.0,0.0,900000.0,900000.0,900000.0
2022,BE,Belgium,CEPA6,Protection of biodiversity and landscapes,145500000.0,12300000.0,2800000.0,15100000.0,160600000.0
2019,HR,Croatia,CEPA1,Protection of ambient air and climate,500000.0,0.0,,0.0,500000.0
2017,IE,Ireland,CEPA8,Environmental research and development,600000.0,,0.0,0.0,600000.0
2021,PT,Portugal,CEPA7-9,Protection against radiation; environmental research and development; other environmental protection activities,83100000.0,22700000.0,,22700000.0,105800000.0
2021,DE,Germany,CEPA1,Protection of ambient air and climate,40900000.0,0.0,1404700000.0,1404700000.0,1445600000.0
2018,IE,Ireland,CEPA8,Environmental research and development,1200000.0,,0.0,0.0,1200000.0
2014,FI,Finland,CEPA3,Waste management,100000.0,95000000.0,,95000000.0,95100000.0
2015,RO,Romania,CEPA9,Other environmental protection activities,1300000.0,55000000.0,32100000.0,87100000.0,88400000.0
2015,LV,Latvia,CEPA3,Waste management,4800000.0,27900000.0,,27900000.0,32700000.0
2020,EL,Greece,CEPA2,Wastewater management,77000000.0,4000000.0,2200000.0,6200000.0,83200000.0
2018,NO,Norway,CEPA2,Wastewater management,666200000.0,19200000.0,,19200000.0,685400000.0
2018,IE,Ireland,CEPA112_122,Protection of climate and ozone layer,9100000.0,,,0.0,9100000.0
2015,RO,Romania,CEPA5,Noise and vibration abatement (excluding workplace protection),100000.0,0.0,700000.0,700000.0,800000.0
2017,NO,Norway,CEPA9,Other environmental protection activities,3000000.0,,25300000.0,25300000.0,28300000.0
2015,NO,Norway,CEPA6,Protection of biodiversity and landscapes,63000000.0,,300000.0,300000.0,63300000.0
2014,BE,Belgium,CEPA6,Protection of biodiversity and landscapes,67400000.0,6000000.0,2000000.0,8000000.0,75400000.0
2018,PT,Portugal,CEPA7-9,Protection against radiation; environmental research and development; other environmental protection activities,71400000.0,17500000.0,1300000.0,18800000.0,90200000.0
2017,RO,Romania,CEPA9,Other environmental protection activities,7800000.0,0.0,22500000.0,22500000.0,30300000.0
2020,BE,Belgium,CEPA3,Waste management,241200000.0,815700000.0,25100000.0,840800000.0,1082000000.0
2017,HR,Croatia,CEPA5,Noise and vibration abatement (excluding workplace protection),0.0,0.0,1300000.0,1300000.0,1300000.0
2015,CH,Switzerland,CEPA8,Environmental research and development,,22900000.0,,22900000.0,22900000.0
2018,LT,Lithuania,CEPA7-9,Protection against radiation; environmental research and development; other environmental protection activities,28900000.0,0.0,100000.0,100000.0,29000000.0
2014,RO,Romania,CEPA3,Waste management,136100000.0,46100000.0,23900000.0,70000000.0,206100000.0
2016,IE,Ireland,CEPA8,Environmental research and development,300000.0,,0.0,0.0,300000.0
2020,IE,Ireland,CEPA2,Wastewater management,540100000.0,1400000.0,,1400000.0,541500000.0
2017,FI,Finland,CEPA6,Protection of biodiversity and landscapes,8900000.0,0.0,600000.0,600000.0,9500000.0
2018,DE,Germany,CEPA5,Noise and vibration abatement (excluding workplace protection),503700000.0,0.0,103600000.0,103600000.0,607300000.0
2022,BG,Bulgaria,CEPA8,Environmental research and development,2100000.0,200000.0,700000.0,900000.0,3000000.0
2022,LT,Lithuania,CEPA2,Wastewater management,4400000.0,80000000.0,3600000.0,83600000.0,88000000.0
2022,PT,Portugal,CEPA5,Noise and vibration abatement (excluding workplace protection),0.0,2000000.0,,2000000.0,2000000.0
2019,PL,Poland,CEPA5,Noise and vibration abatement (excluding workplace protection),7100000.0,0.0,11800000.0,11800000.0,18900000.0
2017,LT,Lithuania,CEPA7-9,Protection against radiation; environmental research and development; other environmental protection activities,45500000.0,200000.0,0.0,200000.0,45700000.0
2018,BG,Bulgaria,CEPA6,Protection of biodiversity and landscapes,3800000.0,0.0,400000.0,400000.0,4200000.0
2018,PT,Portugal,CEPA1,Protection of ambient air and climate,0.0,15400000.0,77800000.0,93200000.0,93200000.0
2018,FI,Finland,CEPA1,Protection of ambient air and climate,100000.0,0.0,105900000.0,105900000.0,106000000.0
2017,AT,Austria,CEPA7-9,Protection against radiation; environmental research and development; other environmental protection activities,0.0,88200000.0,100000.0,88300000.0,88300000.0
2015,SI,Slovenia,CEPA5,Noise and vibration abatement (excluding workplace protection),100000.0,0.0,15000000.0,15000000.0,15100000.0
2018,PL,Poland,CEPA9,Other environmental protection activities,175700000.0,1000000.0,66900000.0,67900000.0,243600000.0
2017,MT,Malta,CEPA2,Wastewater management,0.0,3400000.0,1000000.0,4400000.0,4400000.0
2018,SE,Sweden,CEPA7,Protection against radiation (excluding external safety),,,,0.0,0.0
2019,SE,Sweden,CEPA8,Environmental research and development,,,,0.0,0.0
2016,SE,Sweden,CEPA8,Environmental research and development,,,,0.0,0.0
2019,SE,Sweden,CEPA7,Protection against radiation (excluding external safety),,,,0.0,0.0
2018,SE,Sweden,CEPA8,Environmental research and development,,,,0.0,0.0
2021,PT,Portugal,CEPA2,Wastewater management,78000000.0,147200000.0,,147200000.0,225200000.0
2020,HR,Croatia,CEPA3,Waste management,61400000.0,26400000.0,,26400000.0,87800000.0
2020,SE,Sweden,CEPA9,Other environmental protection activities,,,,0.0,0.0
2022,SI,Slovenia,CEPA7,Protection against radiation (excluding external safety),,,,0.0,0.0
2021,SE,Sweden,CEPA9,Other environmental protection activities,,,,0.0,0.0
2020,SI,Slovenia,CEPA8,Environmental research and development,,,,0.0,0.0
2021,BE,Belgium,CEPA7-9,Protection against radiation; environmental research and development; other environmental protection activities,95200000.0,46300000.0,98700000.0,145000000.0,240200000.0
2020,SE,Sweden,CEPA7,Protection against radiation (excluding external safety),,,,0.0,0.0
2021,SE,Sweden,CEPA8,Environmental research and development,,,,0.0,0.0
2022,SE,Sweden,CEPA9,Other environmental protection activities,,,,0.0,0.0
2015,AT,Austria,CEPA8,Environmental research and development,,12900000.0,0.0,12900000.0,12900000.0
2021,SE,Sweden,CEPA7,Protection against radiation (excluding external safety),,,,0.0,0.0
2019,SI,Slovenia,CEPA9,Other environmental protection activities,,,,0.0,0.0
2022,SI,Slovenia,CEPA8,Environmental research and development,,,,0.0,0.0
2016,SE,Sweden,CEPA9,Other environmental protection activities,,,,0.0,0.0
2022,SE,Sweden,CEPA7,Protection against radiation (excluding external safety),,,,0.0,0.0
2019,SI,Slovenia,CEPA8,Environmental research and development,,,,0.0,0.0
2017,SE,Sweden,CEPA9,Other environmental protection activities,,,,0.0,0.0
2020,SE,Sweden,CEPA8,Environmental research and development,,,,0.0,0.0
2019,SI,Slovenia,CEPA7,Protection against radiation (excluding external safety),,,,0.0,0.0
2016,SE,Sweden,CEPA7,Protection against radiation (excluding external safety),,,,0.0,0.0
2017,SE,Sweden,CEPA8,Environmental research and development,,,,0.0,0.0
2018,SE,Sweden,CEPA9,Other environmental protection activities,,,,0.0,0.0
2016,DE,Germany,CEPA1,Protection of ambient air and climate,,,822900000.0,822900000.0,822900000.0
2017,SE,Sweden,CEPA7,Protection against radiation (excluding external safety),,,,0.0,0.0
2019,SE,Sweden,CEPA9,Other environmental protection activities,,,,0.0,0.0
2022,SE,Sweden,CEPA8,Environmental research and development,,,,0.0,0.0
2020,LT,Lithuania,CEPA1,Protection of ambient air and climate,3700000.0,5700000.0,16800000.0,22500000.0,26200000.0
2020,SI,Slovenia,CEPA9,Other environmental protection activities,,,,0.0,0.0
2021,SI,Slovenia,CEPA9,Other environmental protection activities,,,,0.0,0.0
2020,SI,Slovenia,CEPA7,Protection against radiation (excluding external safety),,,,0.0,0.0
2021,SI,Slovenia,CEPA8,Environmental research and development,,,,0.0,0.0
2022,SI,Slovenia,CEPA9,Other environmental protection activities,,,,0.0,0.0
2022,FI,Finland,CEPA7-9,Protection against radiation; environmental research and development; other environmental protection activities,7200000.0,0.0,19600000.0,19600000.0,26800000.0
2021,SI,Slovenia,CEPA7,Protection against radiation (excluding external safety),,,,0.0,0.0
2016,PT,Portugal,CEPA6,Protection of biodiversity and landscapes,10600000.0,2900000.0,8200000.0,11100000.0,21700000.0
2017,CH,Switzerland,CEPA2,Wastewater management,505900000.0,181600000.0,71000000.0,252600000.0,758500000.0
2015,IE,Ireland,CEPA7,Protection against radiation (excluding external safety),0.0,,0.0,0.0,0.0
2014,IE,Ireland,CEPA8,Environmental research and development,0.0,,0.0,0.0,0.0
2014,IE,Ireland,CEPA7,Protection against radiation (excluding external safety),0.0,,0.0,0.0,0.0
2015,IE,Ireland,CEPA8,Environmental research and development,0.0,,0.0,0.0,0.0
2022,AT,Austria,CEPA9,Other environmental protection activities,7900000.0,139500000.0,,139500000.0,147400000.0
2020,SE,Sweden,CEPA3,Waste management,1026700000.0,198200000.0,256800000.0,455000000.0,1481700000.0
2019,AT,Austria,CEPA9,Other environmental protection activities,4800000.0,100900000.0,48000000.0,148900000.0,153700000.0
2018,SE,Sweden,CEPA2,Wastewater management,458000000.0,114800000.0,85300000.0,200100000.0,658100000.0
2021,PT,Portugal,CEPA5,Noise and vibration abatement (excluding workplace protection),0.0,4000000.0,,4000000.0,4000000.0
2019,AT,Austria,CEPA6,Protection of biodiversity and landscapes,2900000.0,1700000.0,19700000.0,21400000.0,24300000.0
2016,BE,Belgium,CEPA8,Environmental research and development,3400000.0,2000000.0,43300000.0,45300000.0,48700000.0
2017,IE,Ireland,CEPA7,Protection against radiation (excluding external safety),0.0,,0.0,0.0,0.0
2019,LT,Lithuania,CEPA3,Waste management,6400000.0,17400000.0,900000.0,18300000.0,24700000.0
2022,SI,Slovenia,CEPA5,Noise and vibration abatement (excluding workplace protection),500000.0,0.0,,0.0,500000.0
2019,IE,Ireland,CEPA7,Protection against radiation (excluding external safety),0.0,,0.0,0.0,0.0
2016,IE,Ireland,CEPA7,Protection against radiation (excluding external safety),0.0,,0.0,0.0,0.0
2021,AT,Austria,CEPA9,Other environmental protection activities,4700000.0,108600000.0,,108600000.0,113300000.0
2018,IE,Ireland,CEPA7,Protection against radiation (excluding external safety),0.0,,0.0,0.0,0.0
2020,IE,Ireland,CEPA1,Protection of ambient air and climate,15800000.0,0.0,,0.0,15800000.0
2015,LT,Lithuania,CEPA7-9,Protection against radiation; environmental research and development; other environmental protection activities,53000000.0,0.0,0.0,0.0,53000000.0
2021,CH,Switzerland,CEPA2,Wastewater management,557900000.0,219400000.0,84000000.0,303400000.0,861300000.0
2022,PT,Portugal,CEPA7,Protection against radiation (excluding external safety),0.0,0.0,,0.0,0.0
2021,PT,Portugal,CEPA7,Protection against radiation (excluding external safety),0.0,0.0,,0.0,0.0
2020,PT,Portugal,CEPA7,Protection against radiation (excluding external safety),0.0,0.0,,0.0,0.0
2014,PT,Portugal,CEPA7,Protection against radiation (excluding external safety),0.0,0.0,,0.0,0.0
2015,BG,Bulgaria,CEPA1,Protection of ambient air and climate,100000.0,100000.0,77600000.0,77700000.0,77800000.0
2014,AT,Austria,CEPA4,"Protection and remediation of soil, groundwater and surface water",0.0,75800000.0,28200000.0,104000000.0,104000000.0
2014,HR,Croatia,CEPA4,"Protection and remediation of soil, groundwater and surface water",28600000.0,0.0,5000000.0,5000000.0,33600000.0
2016,NO,Norway,CEPA7,Protection against radiation (excluding external safety),0.0,,0.0,0.0,0.0
2017,NO,Norway,CEPA7,Protection against radiation (excluding external safety),0.0,,0.0,0.0,0.0
2014,NO,Norway,CEPA7,Protection against radiation (excluding external safety),0.0,,0.0,0.0,0.0
2015,NO,Norway,CEPA7,Protection against radiation (excluding external safety),0.0,,0.0,0.0,0.0
2019,EL,Greece,CEPA2,Wastewater management,70000000.0,3400000.0,5500000.0,8900000.0,78900000.0
2014,PL,Poland,CEPA9,Other environmental protection activities,74600000.0,1400000.0,91600000.0,93000000.0,167600000.0
2014,FI,Finland,CEPA7,Protection against radiation (excluding external safety),1400000.0,,,0.0,1400000.0
2021,SI,Slovenia,CEPA5,Noise and vibration abatement (excluding workplace protection),400000.0,0.0,7600000.0,7600000.0,8000000.0
2018,LV,Latvia,CEPA8,Environmental research and development,0.0,,0.0,0.0,0.0
2018,LV,Latvia,CEPA7,Protection against radiation (excluding external safety),0.0,,0.0,0.0,0.0
2019,LV,Latvia,CEPA8,Environmental research and development,0.0,,0.0,0.0,0.0
2020,CH,Switzerland,CEPA9,Other environmental protection activities,38300000.0,15500000.0,0.0,15500000.0,53800000.0
2017,SE,Sweden,CEPA5,Noise and vibration abatement (excluding workplace protection),0.0,0.0,,0.0,0.0
2016,SE,Sweden,CEPA5,Noise and vibration abatement (excluding workplace protection),0.0,0.0,,0.0,0.0
2022,SE,Sweden,CEPA5,Noise and vibration abatement (excluding workplace protection),0.0,0.0,,0.0,0.0
2018,HR,Croatia,CEPA7,Protection against radiation (excluding external safety),,,,0.0,0.0
2019,HR,Croatia,CEPA8,Environmental research and development,,,,0.0,0.0
2019,HR,Croatia,CEPA7,Protection against radiation (excluding external safety),,,,0.0,0.0
2018,HR,Croatia,CEPA8,Environmental research and development,,,,0.0,0.0
2019,LV,Latvia,CEPA7,Protection against radiation (excluding external safety),0.0,,0.0,0.0,0.0
2020,HR,Croatia,CEPA9,Other environmental protection activities,,,,0.0,0.0
2021,HR,Croatia,CEPA9,Other environmental protection activities,,,,0.0,0.0
2020,HR,Croatia,CEPA7,Protection against radiation (excluding external safety),,,,0.0,0.0
2021,HR,Croatia,CEPA8,Environmental research and development,,,,0.0,0.0
2022,HR,Croatia,CEPA9,Other environmental protection activities,,,,0.0,0.0
2021,HR,Croatia,CEPA7,Protection against radiation (excluding external safety),,,,0.0,0.0
2022,HR,Croatia,CEPA7,Protection against radiation (excluding external safety),,,,0.0,0.0
2020,HR,Croatia,CEPA8,Environmental research and development,,,,0.0,0.0
2019,IE,Ireland,CEPA2,Wastewater management,526400000.0,1400000.0,4700000.0,6100000.0,532500000.0
2018,HR,Croatia,CEPA9,Other environmental protection activities,,,,0.0,0.0
2019,HR,Croatia,CEPA9,Other environmental protection activities,,,,0.0,0.0
2022,HR,Croatia,CEPA8,Environmental research and development,,,,0.0,0.0
2015,PL,Poland,CEPA9,Other environmental protection activities,102500000.0,1000000.0,67200000.0,68200000.0,170700000.0
2022,BG,Bulgaria,CEPA7-9,Protection against radiation; environmental research and development; other environmental protection activities,25000000.0,400000.0,7500000.0,7900000.0,32900000.0
2015,NO,Norway,CEPA2,Wastewater management,706200000.0,16400000.0,95400000.0,111800000.0,818000000.0
2014,SE,Sweden,CEPA7-9,Protection against radiation; environmental research and development; other environmental protection activities,43800000.0,,,0.0,43800000.0
2019,BE,Belgium,CEPA7,Protection against radiation (excluding external safety),200000.0,26800000.0,0.0,26800000.0,27000000.0
2019,CH,Switzerland,CEPA4,"Protection and remediation of soil, groundwater and surface water",31000000.0,900000.0,,900000.0,31900000.0
2021,AT,Austria,CEPA1,Protection of ambient air and climate,1700000.0,16300000.0,,16300000.0,18000000.0
2016,HR,Croatia,CEPA2,Wastewater management,12500000.0,23800000.0,115200000.0,139000000.0,151500000.0
2021,SI,Slovenia,CEPA3,Waste management,8700000.0,12000000.0,42400000.0,54400000.0,63100000.0
2022,IE,Ireland,CEPA2,Wastewater management,401700000.0,1800000.0,,1800000.0,403500000.0
2021,AT,Austria,CEPA6,Protection of biodiversity and landscapes,5400000.0,2400000.0,,2400000.0,7800000.0
2020,PT,Portugal,CEPA8,Environmental research and development,68900000.0,18200000.0,,18200000.0,87100000.0
2019,NO,Norway,CEPA9,Other environmental protection activities,,,,0.0,0.0
2022,NO,Norway,CEPA8,Environmental research and development,,,,0.0,0.0
2022,NO,Norway,CEPA7,Protection against radiation (excluding external safety),,,,0.0,0.0
2019,NO,Norway,CEPA7,Protection against radiation (excluding external safety),,,,0.0,0.0
2018,NO,Norway,CEPA9,Other environmental protection activities,,,,0.0,0.0
2014,SI,Slovenia,CEPA5,Noise and vibration abatement (excluding workplace protection),300000.0,0.0,31300000.0,31300000.0,31600000.0
2018,NO,Norway,CEPA8,Environmental research and development,,,,0.0,0.0
2018,NO,Norway,CEPA7,Protection against radiation (excluding external safety),,,,0.0,0.0
2019,NO,Norway,CEPA8,Environmental research and development,,,,0.0,0.0
2021,NO,Norway,CEPA9,Other environmental protection activities,,,,0.0,0.0
2021,NO,Norway,CEPA7,Protection against radiation (excluding external safety),,,,0.0,0.0
2015,LV,Latvia,CEPA7-9,Protection against radiation; environmental research and development; other environmental protection activities,37500000.0,,,0.0,37500000.0
2020,NO,Norway,CEPA9,Other environmental protection activities,,,,0.0,0.0
2020,NO,Norway,CEPA8,Environmental research and development,,,,0.0,0.0
2020,NO,Norway,CEPA7,Protection against radiation (excluding external safety),,,,0.0,0.0
2021,NO,Norway,CEPA8,Environmental research and development,,,,0.0,0.0
2022,NO,Norway,CEPA9,Other environmental protection activities,,,,0.0,0.0
2017,FI,Finland,CEPA4,"Protection and remediation of soil, groundwater and surface water",500000.0,6000000.0,109400000.0,115400000.0,115900000.0
2020,FI,Finland,CEPA3,Waste management,300000.0,167000000.0,12000000.0,179000000.0,179300000.0
2015,AT,Austria,CEPA1,Protection of ambient air and climate,1900000.0,9300000.0,102700000.0,112000000.0,113900000.0
2021,DE,Germany,CEPA9,Other environmental protection activities,46000000.0,0.0,,0.0,46000000.0
2017,CH,Switzerland,CEPA7-9,Protection against radiation; environmental research and development; other environmental protection activities,49800000.0,18500000.0,,18500000.0,68300000.0
2016,LV,Latvia,CEPA2,Wastewater management,1500000.0,11800000.0,,11800000.0,13300000.0
2022,PT,Portugal,CEPA4,"Protection and remediation of soil, groundwater and surface water",0.0,44100000.0,,44100000.0,44100000.0
2016,LV,Latvia,CEPA8,Environmental research and development,,,,0.0,0.0
2014,LV,Latvia,CEPA9,Other environmental protection activities,,,,0.0,0.0
2015,LV,Latvia,CEPA9,Other environmental protection activities,,,,0.0,0.0
2014,LV,Latvia,CEPA7,Protection against radiation (excluding external safety),,,,0.0,0.0
2015,LV,Latvia,CEPA8,Environmental research and development,,,,0.0,0.0
2015,LV,Latvia,CEPA7,Protection against radiation (excluding external safety),,,,0.0,0.0
2015,PT,Portugal,CEPA3,Waste management,17100000.0,96500000.0,7600000.0,104100000.0,121200000.0
2015,AT,Austria,CEPA9,Other environmental protection activities,,55000000.0,0.0,55000000.0,55000000.0
2014,LV,Latvia,CEPA8,Environmental research and development,,,,0.0,0.0
2014,IE,Ireland,CEPA3,Waste management,22300000.0,42500000.0,22000000.0,64500000.0,86800000.0
2021,LV,Latvia,CEPA8,Environmental research and development,,,,0.0,0.0
2021,LV,Latvia,CEPA7,Protection against radiation (excluding external safety),,,,0.0,0.0
2016,LV,Latvia,CEPA9,Other environmental protection activities,,,,0.0,0.0
2022,LV,Latvia,CEPA7,Protection against radiation (excluding external safety),,,,0.0,0.0
2017,LV,Latvia,CEPA9,Other environmental protection activities,,,,0.0,0.0
2016,LV,Latvia,CEPA7,Protection against radiation (excluding external safety),,,,0.0,0.0
2017,LV,Latvia,CEPA8,Environmental research and development,,,,0.0,0.0
2017,LV,Latvia,CEPA7,Protection against radiation (excluding external safety),,,,0.0,0.0
2022,LV,Latvia,CEPA8,Environmental research and development,,,,0.0,0.0
2014,SI,Slovenia,CEPA3,Waste management,20800000.0,24300000.0,40200000.0,64500000.0,85300000.0
2016,BE,Belgium,CEPA5,Noise and vibration abatement (excluding workplace protection),400000.0,33300000.0,20300000.0,53600000.0,54000000.0
2019,SI,Slovenia,CEPA1,Protection of ambient air and climate,4100000.0,900000.0,47200000.0,48100000.0,52200000.0
2021,HR,Croatia,CEPA5,Noise and vibration abatement (excluding workplace protection),0.0,0.0,,0.0,0.0
2020,HR,Croatia,CEPA5,Noise and vibration abatement (excluding workplace protection),0.0,0.0,,0.0,0.0
2022,NO,Norway,CEPA5,Noise and vibration abatement (excluding workplace protection),11800000.0,0.0,,0.0,11800000.0
2019,HR,Croatia,CEPA5,Noise and vibration abatement (excluding workplace protection),0.0,0.0,,0.0,0.0
2018,HR,Croatia,CEPA5,Noise and vibration abatement (excluding workplace protection),0.0,0.0,,0.0,0.0
2014,SE,Sweden,CEPA6,Protection of biodiversity and landscapes,15400000.0,,,0.0,15400000.0
2022,HR,Croatia,CEPA5,Noise and vibration abatement (excluding workplace protection),0.0,0.0,,0.0,0.0
2022,IE,Ireland,CEPA5,Noise and vibration abatement (excluding workplace protection),0.0,0.0,,0.0,0.0
2021,IE,Ireland,CEPA5,Noise and vibration abatement (excluding workplace protection),0.0,0.0,,0.0,0.0
2016,BG,Bulgaria,CEPA1,Protection of ambient air and climate,1000000.0,100000.0,84400000.0,84500000.0,85500000.0
2019,FI,Finland,CEPA3,Waste management,300000.0,159000000.0,26900000.0,185900000.0,186200000.0
2020,IE,Ireland,CEPA5,Noise and vibration abatement (excluding workplace protection),0.0,0.0,,0.0,0.0
2017,AT,Austria,CEPA4,"Protection and remediation of soil, groundwater and surface water",0.0,92900000.0,900000.0,93800000.0,93800000.0
2022,IE,Ireland,CEPA6,Protection of biodiversity and landscapes,0.0,0.0,,0.0,0.0
2015,MT,Malta,CEPA2,Wastewater management,0.0,7100000.0,0.0,7100000.0,7100000.0
2016,BE,Belgium,CEPA3,Waste management,145400000.0,613800000.0,23000000.0,636800000.0,782200000.0
2015,CH,Switzerland,CEPA4,"Protection and remediation of soil, groundwater and surface water",21600000.0,2200000.0,,2200000.0,23800000.0
2016,EL,Greece,CEPA1,Protection of ambient air and climate,0.0,0.0,5200000.0,5200000.0,5200000.0
2017,FI,Finland,CEPA1,Protection of ambient air and climate,0.0,0.0,113600000.0,113600000.0,113600000.0
2021,HR,Croatia,CEPA4,"Protection and remediation of soil, groundwater and surface water",20700000.0,200000.0,,200000.0,20900000.0
2015,BE,Belgium,CEPA4,"Protection and remediation of soil, groundwater and surface water",39200000.0,30100000.0,27200000.0,57300000.0,96500000.0
2016,EL,Greece,CEPA2,Wastewater management,143000000.0,5600000.0,2300000.0,7900000.0,150900000.0
2016,LV,Latvia,CEPA1,Protection of ambient air and climate,700000.0,400000.0,,400000.0,1100000.0
2016,CH,Switzerland,CEPA4,"Protection and remediation of soil, groundwater and surface water",26400000.0,1000000.0,,1000000.0,27400000.0
2014,LV,Latvia,CEPA7-9,Protection against radiation; environmental research and development; other environmental protection activities,11600000.0,,,0.0,11600000.0
2019,PT,Portugal,CEPA3,Waste management,19600000.0,183700000.0,16000000.0,199700000.0,219300000.0
2017,CH,Switzerland,CEPA5,Noise and vibration abatement (excluding workplace protection),23200000.0,0.0,,0.0,23200000.0
2022,FI,Finland,CEPA4,"Protection and remediation of soil, groundwater and surface water",5600000.0,9000000.0,28400000.0,37400000.0,43000000.0
2019,PT,Portugal,CEPA2,Wastewater management,72300000.0,96400000.0,38100000.0,134500000.0,206800000.0
2015,SE,Sweden,CEPA3,Waste management,398200000.0,245700000.0,,245700000.0,643900000.0
2022,EL,Greece,CEPA4,"Protection and remediation of soil, groundwater and surface water",0.0,1300000.0,0.0,1300000.0,1300000.0
