year,geo,country_name,ceparema,activity,inv_gov,inv_corp_spec,inv_corp_anc,inv_corp_total,inv_total
2014,AT,Austria,CEPA1,Protection of ambient air and climate,6200000,5800000,103500000,109300000,115500000
2014,BE,Belgium,CEPA1,Protection of ambient air and climate,3500000,10200000,161100000,171300000,174800000
2014,BG,Bulgaria,CEPA1,Protection of ambient air and climate,1700000,0,174900000,174900000,176600000
2014,CH,Switzerland,CEPA1,Protection of ambient air and climate,1600000,5800000,114200000,120000000,121600000
2014,DE,Germany,CEPA1,Protection of ambient air and climate,,,857300000,857300000,857300000
2014,EL,Greece,CEPA1,Protection of ambient air and climate,0,0,4300000,4300000,4300000
2014,FI,Finland,CEPA1,Protection of ambient air and climate,0,0,,0,0
2014,HR,Croatia,CEPA1,Protection of ambient air and climate,600000,300000,26200000,26500000,27100000
2014,IE,Ireland,CEPA1,Protection of ambient air and climate,8500000,0,2000000,2000000,10500000
2014,LT,Lithuania,CEPA1,Protection of ambient air and climate,1100000,15100000,88500000,103600000,104700000
2014,LV,Latvia,CEPA1,Protection of ambient air and climate,17300000,3700000,,3700000,21000000
2014,MT,Malta,CEPA1,Protection of ambient air and climate,0,0,0,0,0
2014,NO,Norway,CEPA1,Protection of ambient air and climate,7800000,,57300000,57300000,65100000
2014,PL,Poland,CEPA1,Protection of ambient air and climate,49000000,13200000,1027300000,1040500000,1089500000
2014,PT,Portugal,CEPA1,Protection of ambient air and climate,0,2800000,38300000,41100000,41100000
2014,RO,Romania,CEPA1,Protection of ambient air and climate,79500000,100000,221600000,221700000,301200000
2014,SE,Sweden,CEPA1,Protection of ambient air and climate,33300000,,,0,33300000
2014,SI,Slovenia,CEPA1,Protection of ambient air and climate,7400000,300000,108600000,108900000,116300000
2014,HR,Croatia,CEPA112_122,Protection of climate and ozone layer,,,,0,0
2014,IE,Ireland,CEPA112_122,Protection of climate and ozone layer,8500000,,,0,8500000
2014,MT,Malta,CEPA112_122,Protection of climate and ozone layer,0,0,0,0,0
2014,AT,Austria,CEPA2,Wastewater management,5600000,95700000,24400000,120100000,125700000
2014,BE,Belgium,CEPA2,Wastewater management,84600000,61000000,211000000,272000000,356600000
2014,BG,Bulgaria,CEPA2,Wastewater management,408600000,2300000,17200000,19500000,428100000
2014,CH,Switzerland,CEPA2,Wastewater management,461200000,238500000,70200000,308700000,769900000
2014,DE,Germany,CEPA2,Wastewater management,1462000000,4777000000,1163000000,5940000000,7402000000
2014,EL,Greece,CEPA2,Wastewater management,288000000,11100000,11300000,22400000,310400000
2014,FI,Finland,CEPA2,Wastewater management,100000,208000000,,208000000,208100000
2014,HR,Croatia,CEPA2,Wastewater management,15000000,16600000,74400000,91000000,106000000
2014,IE,Ireland,CEPA2,Wastewater management,413600000,1200000,17300000,18500000,432100000
2014,LT,Lithuania,CEPA2,Wastewater management,2900000,37700000,13400000,51100000,54000000
2014,LV,Latvia,CEPA2,Wastewater management,7100000,50200000,,50200000,57300000
2014,MT,Malta,CEPA2,Wastewater management,0,200000,300000,500000,500000
2014,NO,Norway,CEPA2,Wastewater management,667200000,21100000,22900000,44000000,711200000
2014,PL,Poland,CEPA2,Wastewater management,709400000,659300000,138000000,797300000,1506700000
2014,PT,Portugal,CEPA2,Wastewater management,149300000,55100000,17200000,72300000,221600000
2014,RO,Romania,CEPA2,Wastewater management,160700000,2500000,211900000,214400000,375100000
2014,SE,Sweden,CEPA2,Wastewater management,322400000,114600000,,114600000,437000000
2014,SI,Slovenia,CEPA2,Wastewater management,215800000,1100000,13100000,14200000,230000000
2014,AT,Austria,CEPA3,Waste management,2900000,160000000,26800000,186800000,189700000
2014,BE,Belgium,CEPA3,Waste management,128200000,602200000,22200000,624400000,752600000
2014,BG,Bulgaria,CEPA3,Waste management,147100000,31100000,25000000,56100000,203200000
2014,CH,Switzerland,CEPA3,Waste management,448900000,127100000,72700000,199800000,648700000
2014,DE,Germany,CEPA3,Waste management,718000000,1109000000,226600000,1335600000,2053600000
2014,EL,Greece,CEPA3,Waste management,394000000,56600000,8700000,65300000,459300000
2014,FI,Finland,CEPA3,Waste management,100000,95000000,,95000000,95100000
2014,HR,Croatia,CEPA3,Waste management,54700000,22400000,4700000,27100000,81800000
2014,IE,Ireland,CEPA3,Waste management,22300000,42500000,22000000,64500000,86800000
2014,LT,Lithuania,CEPA3,Waste management,15400000,25000000,2400000,27400000,42800000
2014,LV,Latvia,CEPA3,Waste management,4700000,20000000,,20000000,24700000
2014,MT,Malta,CEPA3,Waste management,18600000,1200000,2400000,3600000,22200000
2014,NO,Norway,CEPA3,Waste management,80400000,80200000,125300000,205500000,285900000
2014,PL,Poland,CEPA3,Waste management,40900000,346800000,84100000,430900000,471800000
2014,PT,Portugal,CEPA3,Waste management,7800000,65200000,8800000,74000000,81800000
2014,RO,Romania,CEPA3,Waste management,136100000,46100000,23900000,70000000,206100000
2014,SE,Sweden,CEPA3,Waste management,316700000,198200000,,198200000,514900000
2014,SI,Slovenia,CEPA3,Waste management,20800000,24300000,40200000,64500000,85300000
2014,AT,Austria,CEPA4,"Protection and remediation of soil, groundwater and surface water",0,75800000,28200000,104000000,104000000
2014,BE,Belgium,CEPA4,"Protection and remediation of soil, groundwater and surface water",41100000,30700000,25500000,56200000,97300000
2014,BG,Bulgaria,CEPA4,"Protection and remediation of soil, groundwater and surface water",2900000,0,1300000,1300000,4200000
2014,CH,Switzerland,CEPA4,"Protection and remediation of soil, groundwater and surface water",20200000,1400000,,1400000,21600000
2014,DE,Germany,CEPA4,"Protection and remediation of soil, groundwater and surface water",,35000000,48300000,83300000,83300000
2014,EL,Greece,CEPA4,"Protection and remediation of soil, groundwater and surface water",0,1000000,0,1000000,1000000
2014,FI,Finland,CEPA4,"Protection and remediation of soil, groundwater and surface water",1000000,7000000,,7000000,8000000
2014,HR,Croatia,CEPA4,"Protection and remediation of soil, groundwater and surface water",28600000,0,5000000,5000000,33600000
2014,IE,Ireland,CEPA4,"Protection and remediation of soil, groundwater and surface water",1800000,0,3400000,3400000,5200000
2014,LT,Lithuania,CEPA4,"Protection and remediation of soil, groundwater and surface water",0,400000,100000,500000,500000
2014,LV,Latvia,CEPA4,"Protection and remediation of soil, groundwater and surface water",0,1100000,,1100000,1100000
2014,MT,Malta,CEPA4,"Protection and remediation of soil, groundwater and surface water",0,0,0,0,0
2014,NO,Norway,CEPA4,"Protection and remediation of soil, groundwater and surface water",2300000,1200000,2000000,3200000,5500000
2014,PL,Poland,CEPA4,"Protection and remediation of soil, groundwater and surface water",6900000,0,8300000,8300000,15200000
2014,PT,Portugal,CEPA4,"Protection and remediation of soil, groundwater and surface water",0,700000,,700000,700000
2014,RO,Romania,CEPA4,"Protection and remediation of soil, groundwater and surface water",161900000,500000,31500000,32000000,193900000
2014,SE,Sweden,CEPA4,"Protection and remediation of soil, groundwater and surface water",0,1500000,,1500000,1500000
2014,SI,Slovenia,CEPA4,"Protection and remediation of soil, groundwater and surface water",9400000,100000,4800000,4900000,14300000
2014,AT,Austria,CEPA5,Noise and vibration abatement (excluding workplace protection),0,2000000,20000000,22000000,22000000
2014,BE,Belgium,CEPA5,Noise and vibration abatement (excluding workplace protection),600000,28400000,18200000,46600000,47200000
2014,BG,Bulgaria,CEPA5,Noise and vibration abatement (excluding workplace protection),0,0,0,0,0
2014,CH,Switzerland,CEPA5,Noise and vibration abatement (excluding workplace protection),17200000,0,,0,17200000
2014,DE,Germany,CEPA5,Noise and vibration abatement (excluding workplace protection),,,94100000,94100000,94100000
2014,EL,Greece,CEPA5,Noise and vibration abatement (excluding workplace protection),0,0,0,0,0
2014,FI,Finland,CEPA5,Noise and vibration abatement (excluding workplace protection),11000000,0,,0,11000000
2014,HR,Croatia,CEPA5,Noise and vibration abatement (excluding workplace protection),0,0,1600000,1600000,1600000
2014,IE,Ireland,CEPA5,Noise and vibration abatement (excluding workplace protection),0,0,0,0,0
2014,LT,Lithuania,CEPA5,Noise and vibration abatement (excluding workplace protection),0,0,2500000,2500000,2500000
2014,LV,Latvia,CEPA5,Noise and vibration abatement (excluding workplace protection),0,,,0,0
2014,MT,Malta,CEPA5,Noise and vibration abatement (excluding workplace protection),0,0,0,0,0
2014,NO,Norway,CEPA5,Noise and vibration abatement (excluding workplace protection),10900000,,4000000,4000000,14900000
2014,PL,Poland,CEPA5,Noise and vibration abatement (excluding workplace protection),121600000,0,11100000,11100000,132700000
2014,PT,Portugal,CEPA5,Noise and vibration abatement (excluding workplace protection),0,100000,,100000,100000
2014,RO,Romania,CEPA5,Noise and vibration abatement (excluding workplace protection),0,0,2200000,2200000,2200000
2014,SE,Sweden,CEPA5,Noise and vibration abatement (excluding workplace protection),0,,,0,0
2014,SI,Slovenia,CEPA5,Noise and vibration abatement (excluding workplace protection),300000,0,31300000,31300000,31600000
2014,AT,Austria,CEPA6,Protection of biodiversity and landscapes,4100000,0,12300000,12300000,16400000
2014,BE,Belgium,CEPA6,Protection of biodiversity and landscapes,67400000,6000000,2000000,8000000,75400000
2014,BG,Bulgaria,CEPA6,Protection of biodiversity and landscapes,1200000,0,1300000,1300000,2500000
2014,CH,Switzerland,CEPA6,Protection of biodiversity and landscapes,37100000,6800000,,6800000,43900000
2014,DE,Germany,CEPA6,Protection of biodiversity and landscapes,129000000,,77300000,77300000,206300000
2014,EL,Greece,CEPA6,Protection of biodiversity and landscapes,1000000,0,0,0,1000000
2014,FI,Finland,CEPA6,Protection of biodiversity and landscapes,12500000,0,,0,12500000
2014,HR,Croatia,CEPA6,Protection of biodiversity and landscapes,1300000,0,700000,700000,2000000
2014,IE,Ireland,CEPA6,Protection of biodiversity and landscapes,12400000,0,2900000,2900000,15300000
2014,LT,Lithuania,CEPA6,Protection of biodiversity and landscapes,16700000,0,0,0,16700000
2014,LV,Latvia,CEPA6,Protection of biodiversity and landscapes,800000,200000,,200000,1000000
2014,MT,Malta,CEPA6,Protection of biodiversity and landscapes,300000,0,0,0,300000
2014,NO,Norway,CEPA6,Protection of biodiversity and landscapes,64500000,,6900000,6900000,71400000
2014,PL,Poland,CEPA6,Protection of biodiversity and landscapes,13100000,0,7000000,7000000,20100000
2014,PT,Portugal,CEPA6,Protection of biodiversity and landscapes,9800000,600000,,600000,10400000
2014,RO,Romania,CEPA6,Protection of biodiversity and landscapes,0,0,3000000,3000000,3000000
2014,SE,Sweden,CEPA6,Protection of biodiversity and landscapes,15400000,,,0,15400000
2014,SI,Slovenia,CEPA6,Protection of biodiversity and landscapes,3400000,0,300000,300000,3700000
2014,AT,Austria,CEPA7,Protection against radiation (excluding external safety),,0,0,0,0
2014,BE,Belgium,CEPA7,Protection against radiation (excluding external safety),0,12600000,0,12600000,12600000
2014,BG,Bulgaria,CEPA7,Protection against radiation (excluding external safety),0,0,0,0,0
2014,CH,Switzerland,CEPA7,Protection against radiation (excluding external safety),,0,,0,0
2014,DE,Germany,CEPA7,Protection against radiation (excluding external safety),,,,0,0
2014,EL,Greece,CEPA7,Protection against radiation (excluding external safety),0,0,0,0,0
2014,FI,Finland,CEPA7,Protection against radiation (excluding external safety),1400000,,,0,1400000
2014,HR,Croatia,CEPA7,Protection against radiation (excluding external safety),0,0,100000,100000,100000
2014,IE,Ireland,CEPA7,Protection against radiation (excluding external safety),0,,0,0,0
2014,LT,Lithuania,CEPA7,Protection against radiation (excluding external safety),72600000,0,0,0,72600000
2014,LV,Latvia,CEPA7,Protection against radiation (excluding external safety),,,,0,0
2014,MT,Malta,CEPA7,Protection against radiation (excluding external safety),0,0,0,0,0
2014,NO,Norway,CEPA7,Protection against radiation (excluding external safety),0,,0,0,0
2014,PL,Poland,CEPA7,Protection against radiation (excluding external safety),0,0,0,0,0
2014,PT,Portugal,CEPA7,Protection against radiation (excluding external safety),0,0,,0,0
2014,RO,Romania,CEPA7,Protection against radiation (excluding external safety),0,0,0,0,0
2014,SE,Sweden,CEPA7,Protection against radiation (excluding external safety),100000,,,0,100000
2014,SI,Slovenia,CEPA7,Protection against radiation (excluding external safety),0,,,0,0
2014,AT,Austria,CEPA7-9,Protection against radiation; environmental research and development; other environmental protection activities,0,62000000,400000,62400000,62400000
2014,BE,Belgium,CEPA7-9,Protection against radiation; environmental research and development; other environmental protection activities,33800000,35000000,59800000,94800000,128600000
2014,BG,Bulgaria,CEPA7-9,Protection against radiation; environmental research and development; other environmental protection activities,13100000,900000,4300000,5200000,18300000
2014,CH,Switzerland,CEPA7-9,Protection against radiation; environmental research and development; other environmental protection activities,43900000,28100000,,28100000,72000000
2014,DE,Germany,CEPA7-9,Protection against radiation; environmental research and development; other environmental protection activities,,,0,0,0
2014,EL,Greece,CEPA7-9,Protection against radiation; environmental research and development; other environmental protection activities,0,0,6700000,6700000,6700000
2014,FI,Finland,CEPA7-9,Protection against radiation; environmental research and development; other environmental protection activities,20400000,0,,0,20400000
2014,HR,Croatia,CEPA7-9,Protection against radiation; environmental research and development; other environmental protection activities,100000,0,700000,700000,800000
2014,IE,Ireland,CEPA7-9,Protection against radiation; environmental research and development; other environmental protection activities,5400000,0,2400000,2400000,7800000
2014,LT,Lithuania,CEPA7-9,Protection against radiation; environmental research and development; other environmental protection activities,81500000,100000,600000,700000,82200000
2014,LV,Latvia,CEPA7-9,Protection against radiation; environmental research and development; other environmental protection activities,11600000,,,0,11600000
2014,MT,Malta,CEPA7-9,Protection against radiation; environmental research and development; other environmental protection activities,1000000,0,0,0,1000000
2014,NO,Norway,CEPA7-9,Protection against radiation; environmental research and development; other environmental protection activities,8600000,,9800000,9800000,18400000
2014,PL,Poland,CEPA7-9,Protection against radiation; environmental research and development; other environmental protection activities,74600000,1400000,93300000,94700000,169300000
2014,PT,Portugal,CEPA7-9,Protection against radiation; environmental research and development; other environmental protection activities,68500000,11100000,,11100000,79600000
2014,RO,Romania,CEPA7-9,Protection against radiation; environmental research and development; other environmental protection activities,1800000,1500000,46700000,48200000,50000000
2014,SE,Sweden,CEPA7-9,Protection against radiation; environmental research and development; other environmental protection activities,43800000,,,0,43800000
2014,SI,Slovenia,CEPA7-9,Protection against radiation; environmental research and development; other environmental protection activities,10500000,0,4600000,4600000,15100000
2014,AT,Austria,CEPA8,Environmental research and development,,10400000,0,10400000,10400000
2014,BE,Belgium,CEPA8,Environmental research and development,1600000,1900000,36200000,38100000,39700000
2014,BG,Bulgaria,CEPA8,Environmental research and development,300000,900000,1700000,2600000,2900000
2014,CH,Switzerland,CEPA8,Environmental research and development,,15600000,,15600000,15600000
2014,DE,Germany,CEPA8,Environmental research and development,241000000,,,0,241000000
2014,EL,Greece,CEPA8,Environmental research and development,0,0,0,0,0
2014,FI,Finland,CEPA8,Environmental research and development,100000,,,0,100000
2014,HR,Croatia,CEPA8,Environmental research and development,0,0,0,0,0
2014,IE,Ireland,CEPA8,Environmental research and development,0,,0,0,0
2014,LT,Lithuania,CEPA8,Environmental research and development,0,0,0,0,0
2014,LV,Latvia,CEPA8,Environmental research and development,,,,0,0
2014,MT,Malta,CEPA8,Environmental research and development,0,0,0,0,0
2014,NO,Norway,CEPA8,Environmental research and development,6200000,,0,0,6200000
2014,PL,Poland,CEPA8,Environmental research and development,0,0,1700000,1700000,1700000
2014,PT,Portugal,CEPA8,Environmental research and development,42300000,10800000,,10800000,53100000
2014,RO,Romania,CEPA8,Environmental research and development,0,0,5400000,5400000,5400000
2014,SE,Sweden,CEPA8,Environmental research and development,9600000,,,0,9600000
2014,SI,Slovenia,CEPA8,Environmental research and development,8900000,0,0,0,8900000
2014,AT,Austria,CEPA9,Other environmental protection activities,,51600000,400000,52000000,52000000
2014,BE,Belgium,CEPA9,Other environmental protection activities,32200000,20500000,23500000,44000000,76200000
2014,BG,Bulgaria,CEPA9,Other environmental protection activities,12800000,0,2600000,2600000,15400000
2014,CH,Switzerland,CEPA9,Other environmental protection activities,,12600000,,12600000,12600000
2014,DE,Germany,CEPA9,Other environmental protection activities,31000000,,,0,31000000
2014,EL,Greece,CEPA9,Other environmental protection activities,0,0,6700000,6700000,6700000
2014,FI,Finland,CEPA9,Other environmental protection activities,19000000,,,0,19000000
2014,HR,Croatia,CEPA9,Other environmental protection activities,100000,0,600000,600000,700000
2014,IE,Ireland,CEPA9,Other environmental protection activities,5400000,,2400000,2400000,7800000
2014,LT,Lithuania,CEPA9,Other environmental protection activities,8900000,0,600000,600000,9500000
2014,LV,Latvia,CEPA9,Other environmental protection activities,,,,0,0
2014,MT,Malta,CEPA9,Other environmental protection activities,1000000,0,0,0,1000000
2014,NO,Norway,CEPA9,Other environmental protection activities,2300000,,9800000,9800000,12100000
2014,PL,Poland,CEPA9,Other environmental protection activities,74600000,1400000,91600000,93000000,167600000
2014,PT,Portugal,CEPA9,Other environmental protection activities,26200000,300000,,300000,26500000
2014,RO,Romania,CEPA9,Other environmental protection activities,1800000,1500000,41300000,42800000,44600000
2014,SE,Sweden,CEPA9,Other environmental protection activities,34200000,,,0,34200000
2014,SI,Slovenia,CEPA9,Other environmental protection activities,1600000,0,4600000,4600000,6200000
2015,AT,Austria,CEPA1,Protection of ambient air and climate,1900000,9300000,102700000,112000000,113900000
2015,BE,Belgium,CEPA1,Protection of ambient air and climate,2700000,14300000,164700000,179000000,181700000
2015,BG,Bulgaria,CEPA1,Protection of ambient air and climate,100000,100000,77600000,77700000,77800000
2015,CH,Switzerland,CEPA1,Protection of ambient air and climate,1700000,8400000,135400000,143800000,145500000
2015,DE,Germany,CEPA1,Protection of ambient air and climate,,,918100000,918100000,918100000
2015,EL,Greece,CEPA1,Protection of ambient air and climate,0,0,6800000,6800000,6800000
2015,FI,Finland,CEPA1,Protection of ambient air and climate,0,0,,0,0
2015,HR,Croatia,CEPA1,Protection of ambient air and climate,600000,200000,28500000,28700000,29300000
2015,IE,Ireland,CEPA1,Protection of ambient air and climate,10700000,0,2200000,2200000,12900000
2015,LT,Lithuania,CEPA1,Protection of ambient air and climate,900000,1000000,57300000,58300000,59200000
2015,LV,Latvia,CEPA1,Protection of ambient air and climate,1300000,3700000,,3700000,5000000
2015,MT,Malta,CEPA1,Protection of ambient air and climate,0,0,0,0,0
2015,NO,Norway,CEPA1,Protection of ambient air and climate,14800000,,60600000,60600000,75400000
2015,PL,Poland,CEPA1,Protection of ambient air and climate,86100000,5600000,926300000,931900000,1018000000
2015,PT,Portugal,CEPA1,Protection of ambient air and climate,0,1800000,41900000,43700000,43700000
2015,RO,Romania,CEPA1,Protection of ambient air and climate,94900000,1900000,462900000,464800000,559700000
2015,SE,Sweden,CEPA1,Protection of ambient air and climate,44500000,,,0,44500000
2015,SI,Slovenia,CEPA1,Protection of ambient air and climate,2700000,100000,68200000,68300000,71000000
2015,HR,Croatia,CEPA112_122,Protection of climate and ozone layer,,,,0,0
2015,IE,Ireland,CEPA112_122,Protection of climate and ozone layer,10700000,,,0,10700000
2015,MT,Malta,CEPA112_122,Protection of climate and ozone layer,0,0,0,0,0
2015,AT,Austria,CEPA2,Wastewater management,8700000,118200000,25600000,143800000,152500000
2015,BE,Belgium,CEPA2,Wastewater management,158700000,60600000,223800000,284400000,443100000
2015,BG,Bulgaria,CEPA2,Wastewater management,505600000,2200000,42700000,44900000,550500000
2015,CH,Switzerland,CEPA2,Wastewater management,528300000,160900000,73600000,234500000,762800000
2015,DE,Germany,CEPA2,Wastewater management,1417000000,4283000000,1181100000,5464100000,6881100000
2015,EL,Greece,CEPA2,Wastewater management,233000000,3700000,4400000,8100000,241100000
2015,FI,Finland,CEPA2,Wastewater management,300000,149000000,,149000000,149300000
2015,HR,Croatia,CEPA2,Wastewater management,19000000,20800000,72400000,93200000,112200000
2015,IE,Ireland,CEPA2,Wastewater management,388800000,1000000,10300000,11300000,400100000
2015,LT,Lithuania,CEPA2,Wastewater management,2700000,17800000,2400000,20200000,22900000
2015,LV,Latvia,CEPA2,Wastewater management,5000000,47500000,,47500000,52500000
2015,MT,Malta,CEPA2,Wastewater management,0,7100000,0,7100000,7100000
2015,NO,Norway,CEPA2,Wastewater management,706200000,16400000,95400000,111800000,818000000
2015,PL,Poland,CEPA2,Wastewater management,706900000,760900000,120300000,881200000,1588100000
2015,PT,Portugal,CEPA2,Wastewater management,144200000,87600000,14700000,102300000,246500000
2015,RO,Romania,CEPA2,Wastewater management,174800000,5000000,263400000,268400000,443200000
2015,SE,Sweden,CEPA2,Wastewater management,344400000,123300000,,123300000,467700000
2015,SI,Slovenia,CEPA2,Wastewater management,202100000,900000,16600000,17500000,219600000
2015,AT,Austria,CEPA3,Waste management,4900000,136700000,11200000,147900000,152800000
2015,BE,Belgium,CEPA3,Waste management,139800000,557800000,22000000,579800000,719600000
2015,BG,Bulgaria,CEPA3,Waste management,221400000,53900000,25600000,79500000,300900000
2015,CH,Switzerland,CEPA3,Waste management,513600000,228800000,68500000,297300000,810900000
2015,DE,Germany,CEPA3,Waste management,555000000,1213000000,232300000,1445300000,2000300000
2015,EL,Greece,CEPA3,Waste management,381000000,54700000,4900000,59600000,440600000
2015,FI,Finland,CEPA3,Waste management,300000,156000000,,156000000,156300000
2015,HR,Croatia,CEPA3,Waste management,47700000,16100000,5200000,21300000,69000000
2015,IE,Ireland,CEPA3,Waste management,22400000,45000000,6900000,51900000,74300000
2015,LT,Lithuania,CEPA3,Waste management,22900000,50200000,1500000,51700000,74600000
2015,LV,Latvia,CEPA3,Waste management,4800000,27900000,,27900000,32700000
2015,MT,Malta,CEPA3,Waste management,59800000,2200000,4100000,6300000,66100000
2015,NO,Norway,CEPA3,Waste management,56900000,298400000,44000000,342400000,399300000
2015,PL,Poland,CEPA3,Waste management,218800000,404600000,110200000,514800000,733600000
2015,PT,Portugal,CEPA3,Waste management,17100000,96500000,7600000,104100000,121200000
2015,RO,Romania,CEPA3,Waste management,404300000,53800000,37000000,90800000,495100000
2015,SE,Sweden,CEPA3,Waste management,398200000,245700000,,245700000,643900000
2015,SI,Slovenia,CEPA3,Waste management,72800000,80700000,21800000,102500000,175300000
2015,AT,Austria,CEPA4,"Protection and remediation of soil, groundwater and surface water",0,80100000,26700000,106800000,106800000
2015,BE,Belgium,CEPA4,"Protection and remediation of soil, groundwater and surface water",39200000,30100000,27200000,57300000,96500000
2015,BG,Bulgaria,CEPA4,"Protection and remediation of soil, groundwater and surface water",3700000,0,600000,600000,4300000
2015,CH,Switzerland,CEPA4,"Protection and remediation of soil, groundwater and surface water",21600000,2200000,,2200000,23800000
2015,DE,Germany,CEPA4,"Protection and remediation of soil, groundwater and surface water",,53000000,43600000,96600000,96600000
2015,EL,Greece,CEPA4,"Protection and remediation of soil, groundwater and surface water",0,900000,0,900000,900000
2015,FI,Finland,CEPA4,"Protection and remediation of soil, groundwater and surface water",500000,2000000,,2000000,2500000
2015,HR,Croatia,CEPA4,"Protection and remediation of soil, groundwater and surface water",23300000,100000,5700000,5800000,29100000
2015,IE,Ireland,CEPA4,"Protection and remediation of soil, groundwater and surface water",3700000,0,1000000,1000000,4700000
2015,LT,Lithuania,CEPA4,"Protection and remediation of soil, groundwater and surface water",0,300000,600000,900000,900000
2015,LV,Latvia,CEPA4,"Protection and remediation of soil, groundwater and surface water",0,300000,,300000,300000
2015,MT,Malta,CEPA4,"Protection and remediation of soil, groundwater and surface water",0,0,0,0,0
2015,NO,Norway,CEPA4,"Protection and remediation of soil, groundwater and surface water",2000000,400000,45500000,45900000,47900000
2015,PL,Poland,CEPA4,"Protection and remediation of soil, groundwater and surface water",8900000,0,7600000,7600000,16500000
2015,PT,Portugal,CEPA4,"Protection and remediation of soil, groundwater and surface water",0,5000000,5900000,10900000,10900000
2015,RO,Romania,CEPA4,"Protection and remediation of soil, groundwater and surface water",13200000,300000,51400000,51700000,64900000
2015,SE,Sweden,CEPA4,"Protection and remediation of soil, groundwater and surface water",100000,3000000,,3000000,3100000
2015,SI,Slovenia,CEPA4,"Protection and remediation of soil, groundwater and surface water",3300000,500000,4200000,4700000,8000000
2015,AT,Austria,CEPA5,Noise and vibration abatement (excluding workplace protection),0,2200000,19500000,21700000,21700000
2015,BE,Belgium,CEPA5,Noise and vibration abatement (excluding workplace protection),800000,32200000,18800000,51000000,51800000
2015,BG,Bulgaria,CEPA5,Noise and vibration abatement (excluding workplace protection),0,0,100000,100000,100000
2015,CH,Switzerland,CEPA5,Noise and vibration abatement (excluding workplace protection),16300000,0,,0,16300000
2015,DE,Germany,CEPA5,Noise and vibration abatement (excluding workplace protection),,,85100000,85100000,85100000
2015,EL,Greece,CEPA5,Noise and vibration abatement (excluding workplace protection),0,0,0,0,0
2015,FI,Finland,CEPA5,Noise and vibration abatement (excluding workplace protection),10600000,0,,0,10600000
2015,HR,Croatia,CEPA5,Noise and vibration abatement (excluding workplace protection),0,0,1600000,1600000,1600000
2015,IE,Ireland,CEPA5,Noise and vibration abatement (excluding workplace protection),0,0,0,0,0
2015,LT,Lithuania,CEPA5,Noise and vibration abatement (excluding workplace protection),0,0,1600000,1600000,1600000
2015,LV,Latvia,CEPA5,Noise and vibration abatement (excluding workplace protection),0,,,0,0
2015,MT,Malta,CEPA5,Noise and vibration abatement (excluding workplace protection),0,0,0,0,0
2015,NO,Norway,CEPA5,Noise and vibration abatement (excluding workplace protection),11500000,,700000,700000,12200000
2015,PL,Poland,CEPA5,Noise and vibration abatement (excluding workplace protection),31700000,0,52000000,52000000,83700000
2015,PT,Portugal,CEPA5,Noise and vibration abatement (excluding workplace protection),0,14600000,1700000,16300000,16300000
2015,RO,Romania,CEPA5,Noise and vibration abatement (excluding workplace protection),100000,0,700000,700000,800000
2015,SE,Sweden,CEPA5,Noise and vibration abatement (excluding workplace protection),0,,,0,0
2015,SI,Slovenia,CEPA5,Noise and vibration abatement (excluding workplace protection),100000,0,15000000,15000000,15100000
2015,AT,Austria,CEPA6,Protection of biodiversity and landscapes,5500000,0,14200000,14200000,19700000
2015,BE,Belgium,CEPA6,Protection of biodiversity and landscapes,53300000,7100000,2300000,9400000,62700000
2015,BG,Bulgaria,CEPA6,Protection of biodiversity and landscapes,300000,0,1700000,1700000,2000000
2015,CH,Switzerland,CEPA6,Protection of biodiversity and landscapes,35200000,10000000,,10000000,45200000
2015,DE,Germany,CEPA6,Protection of biodiversity and landscapes,149000000,,56700000,56700000,205700000
2015,EL,Greece,CEPA6,Protection of biodiversity and landscapes,1000000,0,0,0,1000000
2015,FI,Finland,CEPA6,Protection of biodiversity and landscapes,11100000,0,,0,11100000
2015,HR,Croatia,CEPA6,Protection of biodiversity and landscapes,1100000,0,800000,800000,1900000
2015,IE,Ireland,CEPA6,Protection of biodiversity and landscapes,5300000,0,300000,300000,5600000
2015,LT,Lithuania,CEPA6,Protection of biodiversity and landscapes,6500000,0,200000,200000,6700000
2015,LV,Latvia,CEPA6,Protection of biodiversity and landscapes,400000,100000,,100000,500000
2015,MT,Malta,CEPA6,Protection of biodiversity and landscapes,300000,0,0,0,300000
2015,NO,Norway,CEPA6,Protection of biodiversity and landscapes,63000000,,300000,300000,63300000
2015,PL,Poland,CEPA6,Protection of biodiversity and landscapes,10100000,0,1600000,1600000,11700000
2015,PT,Portugal,CEPA6,Protection of biodiversity and landscapes,20900000,11100000,6600000,17700000,38600000
2015,RO,Romania,CEPA6,Protection of biodiversity and landscapes,0,0,2800000,2800000,2800000
2015,SE,Sweden,CEPA6,Protection of biodiversity and landscapes,19400000,,,0,19400000
2015,SI,Slovenia,CEPA6,Protection of biodiversity and landscapes,2500000,0,2400000,2400000,4900000
2015,AT,Austria,CEPA7,Protection against radiation (excluding external safety),,0,0,0,0
2015,BE,Belgium,CEPA7,Protection against radiation (excluding external safety),0,15400000,0,15400000,15400000
2015,BG,Bulgaria,CEPA7,Protection against radiation (excluding external safety),0,0,0,0,0
2015,CH,Switzerland,CEPA7,Protection against radiation (excluding external safety),,0,,0,0
2015,DE,Germany,CEPA7,Protection against radiation (excluding external safety),,,,0,0
2015,EL,Greece,CEPA7,Protection against radiation (excluding external safety),0,0,0,0,0
2015,FI,Finland,CEPA7,Protection against radiation (excluding external safety),1800000,,,0,1800000
2015,HR,Croatia,CEPA7,Protection against radiation (excluding external safety),0,0,0,0,0
2015,IE,Ireland,CEPA7,Protection against radiation (excluding external safety),0,,0,0,0
2015,LT,Lithuania,CEPA7,Protection against radiation (excluding external safety),40500000,0,0,0,40500000
2015,LV,Latvia,CEPA7,Protection against radiation (excluding external safety),,,,0,0
2015,MT,Malta,CEPA7,Protection against radiation (excluding external safety),0,0,0,0,0
2015,NO,Norway,CEPA7,Protection against radiation (excluding external safety),0,,0,0,0
2015,PL,Poland,CEPA7,Protection against radiation (excluding external safety),0,0,0,0,0
2015,PT,Portugal,CEPA7,Protection against radiation (excluding external safety),0,0,0,0,0
2015,RO,Romania,CEPA7,Protection against radiation (excluding external safety),0,0,0,0,0
2015,SE,Sweden,CEPA7,Protection against radiation (excluding external safety),400000,,,0,400000
2015,SI,Slovenia,CEPA7,Protection against radiation (excluding external safety),0,,,0,0
2015,AT,Austria,CEPA7-9,Protection against radiation; environmental research and development; other environmental protection activities,0,67900000,0,67900000,67900000
2015,BE,Belgium,CEPA7-9,Protection against radiation; environmental research and development; other environmental protection activities,21400000,39800000,62500000,102300000,123700000
2015,BG,Bulgaria,CEPA7-9,Protection against radiation; environmental research and development; other environmental protection activities,300000,100000,5800000,5900000,6200000
2015,CH,Switzerland,CEPA7-9,Protection against radiation; environmental research and development; other environmental protection activities,51900000,39300000,,39300000,91200000
2015,DE,Germany,CEPA7-9,Protection against radiation; environmental research and development; other environmental protection activities,,,0,0,0
2015,EL,Greece,CEPA7-9,Protection against radiation; environmental research and development; other environmental protection activities,0,0,5300000,5300000,5300000
2015,FI,Finland,CEPA7-9,Protection against radiation; environmental research and development; other environmental protection activities,14400000,0,,0,14400000
2015,HR,Croatia,CEPA7-9,Protection against radiation; environmental research and development; other environmental protection activities,200000,0,400000,400000,600000
2015,IE,Ireland,CEPA7-9,Protection against radiation; environmental research and development; other environmental protection activities,4100000,0,400000,400000,4500000
2015,LT,Lithuania,CEPA7-9,Protection against radiation; environmental research and development; other environmental protection activities,53000000,0,0,0,53000000
2015,LV,Latvia,CEPA7-9,Protection against radiation; environmental research and development; other environmental protection activities,37500000,,,0,37500000
2015,MT,Malta,CEPA7-9,Protection against radiation; environmental research and development; other environmental protection activities,1400000,0,0,0,1400000
2015,NO,Norway,CEPA7-9,Protection against radiation; environmental research and development; other environmental protection activities,8400000,,1000000,1000000,9400000
2015,PL,Poland,CEPA7-9,Protection against radiation; environmental research and development; other environmental protection activities,102500000,1000000,68200000,69200000,171700000
2015,PT,Portugal,CEPA7-9,Protection against radiation; environmental research and development; other environmental protection activities,84400000,8900000,6600000,15500000,99900000
2015,RO,Romania,CEPA7-9,Protection against radiation; environmental research and development; other environmental protection activities,1300000,55000000,34000000,89000000,90300000
2015,SE,Sweden,CEPA7-9,Protection against radiation; environmental research and development; other environmental protection activities,44100000,,,0,44100000
2015,SI,Slovenia,CEPA7-9,Protection against radiation; environmental research and development; other environmental protection activities,10700000,0,5100000,5100000,15800000
2015,AT,Austria,CEPA8,Environmental research and development,,12900000,0,12900000,12900000
2015,BE,Belgium,CEPA8,Environmental research and development,1400000,2000000,38900000,40900000,42300000
2015,BG,Bulgaria,CEPA8,Environmental research and development,100000,0,500000,500000,600000
2015,CH,Switzerland,CEPA8,Environmental research and development,,22900000,,22900000,22900000
2015,DE,Germany,CEPA8,Environmental research and development,267000000,,,0,267000000
2015,EL,Greece,CEPA8,Environmental research and development,0,0,0,0,0
2015,FI,Finland,CEPA8,Environmental research and development,100000,,,0,100000
2015,HR,Croatia,CEPA8,Environmental research and development,0,0,0,0,0
2015,IE,Ireland,CEPA8,Environmental research and development,0,,0,0,0
2015,LT,Lithuania,CEPA8,Environmental research and development,0,0,0,0,0
2015,LV,Latvia,CEPA8,Environmental research and development,,,,0,0
2015,MT,Malta,CEPA8,Environmental research and development,100000,0,0,0,100000
2015,NO,Norway,CEPA8,Environmental research and development,5900000,,0,0,5900000
2015,PL,Poland,CEPA8,Environmental research and development,0,0,900000,900000,900000
2015,PT,Portugal,CEPA8,Environmental research and development,59200000,7900000,0,7900000,67100000
2015,RO,Romania,CEPA8,Environmental research and development,0,0,2000000,2000000,2000000
2015,SE,Sweden,CEPA8,Environmental research and development,9900000,,,0,9900000
2015,SI,Slovenia,CEPA8,Environmental research and development,9000000,0,0,0,9000000
2015,AT,Austria,CEPA9,Other environmental protection activities,,55000000,0,55000000,55000000
2015,BE,Belgium,CEPA9,Other environmental protection activities,20000000,22400000,23600000,46000000,66000000
2015,BG,Bulgaria,CEPA9,Other environmental protection activities,200000,100000,5300000,5400000,5600000
2015,CH,Switzerland,CEPA9,Other environmental protection activities,,16400000,,16400000,16400000
2015,DE,Germany,CEPA9,Other environmental protection activities,32000000,,,0,32000000
2015,EL,Greece,CEPA9,Other environmental protection activities,0,0,5300000,5300000,5300000
2015,FI,Finland,CEPA9,Other environmental protection activities,12600000,,,0,12600000
2015,HR,Croatia,CEPA9,Other environmental protection activities,200000,0,400000,400000,600000
2015,IE,Ireland,CEPA9,Other environmental protection activities,4100000,,400000,400000,4500000
2015,LT,Lithuania,CEPA9,Other environmental protection activities,12500000,0,0,0,12500000
2015,LV,Latvia,CEPA9,Other environmental protection activities,,,,0,0
2015,MT,Malta,CEPA9,Other environmental protection activities,1200000,0,0,0,1200000
2015,NO,Norway,CEPA9,Other environmental protection activities,2500000,,1000000,1000000,3500000
2015,PL,Poland,CEPA9,Other environmental protection activities,102500000,1000000,67200000,68200000,170700000
2015,PT,Portugal,CEPA9,Other environmental protection activities,25200000,1100000,6600000,7700000,32900000
2015,RO,Romania,CEPA9,Other environmental protection activities,1300000,55000000,32100000,87100000,88400000
2015,SE,Sweden,CEPA9,Other environmental protection activities,33800000,,,0,33800000
2015,SI,Slovenia,CEPA9,Other environmental protection activities,1700000,0,5100000,5100000,6800000
2016,AT,Austria,CEPA1,Protection of ambient air and climate,0,7500000,141300000,148800000,148800000
2016,BE,Belgium,CEPA1,Protection of ambient air and climate,2000000,17100000,171100000,188200000,190200000
2016,BG,Bulgaria,CEPA1,Protection of ambient air and climate,1000000,100000,84400000,84500000,85500000
2016,CH,Switzerland,CEPA1,Protection of ambient air and climate,1400000,3900000,144700000,148600000,150000000
2016,DE,Germany,CEPA1,Protection of ambient air and climate,,,822900000,822900000,822900000
2016,EL,Greece,CEPA1,Protection of ambient air and climate,0,0,5200000,5200000,5200000
2016,FI,Finland,CEPA1,Protection of ambient air and climate,0,0,,0,0
2016,HR,Croatia,CEPA1,Protection of ambient air and climate,500000,200000,24300000,24500000,25000000
2016,IE,Ireland,CEPA1,Protection of ambient air and climate,7900000,0,8300000,8300000,16200000
2016,LT,Lithuania,CEPA1,Protection of ambient air and climate,800000,1900000,67400000,69300000,70100000
2016,LV,Latvia,CEPA1,Protection of ambient air and climate,700000,400000,,400000,1100000
2016,MT,Malta,CEPA1,Protection of ambient air and climate,0,0,0,0,0
2016,NO,Norway,CEPA1,Protection of ambient air and climate,14000000,,26300000,26300000,40300000
2016,PL,Poland,CEPA1,Protection of ambient air and climate,37800000,2800000,537100000,539900000,577700000
2016,PT,Portugal,CEPA1,Protection of ambient air and climate,0,2300000,35300000,37600000,37600000
2016,RO,Romania,CEPA1,Protection of ambient air and climate,8000000,0,59200000,59200000,67200000
2016,SE,Sweden,CEPA1,Protection of ambient air and climate,49500000,0,,0,49500000
2016,SI,Slovenia,CEPA1,Protection of ambient air and climate,100000,0,36000000,36000000,36100000
2016,HR,Croatia,CEPA112_122,Protection of climate and ozone layer,,,,0,0
2016,IE,Ireland,CEPA112_122,Protection of climate and ozone layer,7900000,,,0,7900000
2016,MT,Malta,CEPA112_122,Protection of climate and ozone layer,0,0,0,0,0
2016,AT,Austria,CEPA2,Wastewater management,9600000,109900000,48900000,158800000,168400000
2016,BE,Belgium,CEPA2,Wastewater management,110400000,60600000,236300000,296900000,407300000
2016,BG,Bulgaria,CEPA2,Wastewater management,69600000,900000,10500000,11400000,81000000
2016,CH,Switzerland,CEPA2,Wastewater management,508300000,183300000,68900000,252200000,760500000
2016,DE,Germany,CEPA2,Wastewater management,1426000000,4192000000,1047900000,5239900000,6665900000
2016,EL,Greece,CEPA2,Wastewater management,143000000,5600000,2300000,7900000,150900000
2016,FI,Finland,CEPA2,Wastewater management,200000,166000000,,166000000,166200000
2016,HR,Croatia,CEPA2,Wastewater management,12500000,23800000,115200000,139000000,151500000
2016,IE,Ireland,CEPA2,Wastewater management,293600000,1000000,20000000,21000000,314600000
2016,LT,Lithuania,CEPA2,Wastewater management,700000,8400000,6800000,15200000,15900000
2016,LV,Latvia,CEPA2,Wastewater management,1500000,11800000,,11800000,13300000
2016,MT,Malta,CEPA2,Wastewater management,300000,500000,100000,600000,900000
2016,NO,Norway,CEPA2,Wastewater management,712000000,8900000,44600000,53500000,765500000
2016,PL,Poland,CEPA2,Wastewater management,223600000,218100000,80300000,298400000,522000000
2016,PT,Portugal,CEPA2,Wastewater management,110000000,9800000,33200000,43000000,153000000
2016,RO,Romania,CEPA2,Wastewater management,210600000,100000,73900000,74000000,284600000
2016,SE,Sweden,CEPA2,Wastewater management,349300000,156800000,,156800000,506100000
2016,SI,Slovenia,CEPA2,Wastewater management,56000000,500000,30900000,31400000,87400000
2016,AT,Austria,CEPA3,Waste management,2500000,142700000,20500000,163200000,165700000
2016,BE,Belgium,CEPA3,Waste management,145400000,613800000,23000000,636800000,782200000
2016,BG,Bulgaria,CEPA3,Waste management,38700000,36800000,22200000,59000000,97700000
2016,CH,Switzerland,CEPA3,Waste management,488300000,249300000,55800000,305100000,793400000
2016,DE,Germany,CEPA3,Waste management,606000000,1491000000,269300000,1760300000,2366300000
2016,EL,Greece,CEPA3,Waste management,178000000,36100000,14900000,51000000,229000000
2016,FI,Finland,CEPA3,Waste management,200000,203000000,,203000000,203200000
2016,HR,Croatia,CEPA3,Waste management,34800000,27100000,3800000,30900000,65700000
2016,IE,Ireland,CEPA3,Waste management,23200000,48600000,10000000,58600000,81800000
2016,LT,Lithuania,CEPA3,Waste management,2900000,54700000,400000,55100000,58000000
2016,LV,Latvia,CEPA3,Waste management,11300000,6300000,,6300000,17600000
2016,MT,Malta,CEPA3,Waste management,10200000,800000,1000000,1800000,12000000
2016,NO,Norway,CEPA3,Waste management,78000000,109300000,32800000,142100000,220100000
2016,PL,Poland,CEPA3,Waste management,34900000,112200000,60200000,172400000,207300000
2016,PT,Portugal,CEPA3,Waste management,20300000,83500000,8900000,92400000,112700000
2016,RO,Romania,CEPA3,Waste management,140800000,27900000,12000000,39900000,180700000
2016,SE,Sweden,CEPA3,Waste management,665400000,260700000,,260700000,926100000
2016,SI,Slovenia,CEPA3,Waste management,30700000,31600000,31000000,62600000,93300000
2016,AT,Austria,CEPA4,"Protection and remediation of soil, groundwater and surface water",0,74800000,27800000,102600000,102600000
2016,BE,Belgium,CEPA4,"Protection and remediation of soil, groundwater and surface water",24300000,29500000,27000000,56500000,80800000
2016,BG,Bulgaria,CEPA4,"Protection and remediation of soil, groundwater and surface water",9600000,0,2300000,2300000,11900000
2016,CH,Switzerland,CEPA4,"Protection and remediation of soil, groundwater and surface water",26400000,1000000,,1000000,27400000
2016,DE,Germany,CEPA4,"Protection and remediation of soil, groundwater and surface water",,59000000,151700000,210700000,210700000
2016,EL,Greece,CEPA4,"Protection and remediation of soil, groundwater and surface water",0,3100000,0,3100000,3100000
2016,FI,Finland,CEPA4,"Protection and remediation of soil, groundwater and surface water",1300000,5000000,,5000000,6300000
2016,HR,Croatia,CEPA4,"Protection and remediation of soil, groundwater and surface water",18600000,100000,4800000,4900000,23500000
2016,IE,Ireland,CEPA4,"Protection and remediation of soil, groundwater and surface water",7000000,100000,2400000,2500000,9500000
2016,LT,Lithuania,CEPA4,"Protection and remediation of soil, groundwater and surface water",0,2300000,5900000,8200000,8200000
2016,LV,Latvia,CEPA4,"Protection and remediation of soil, groundwater and surface water",0,300000,,300000,300000
2016,MT,Malta,CEPA4,"Protection and remediation of soil, groundwater and surface water",0,0,0,0,0
2016,NO,Norway,CEPA4,"Protection and remediation of soil, groundwater and surface water",2500000,300000,4000000,4300000,6800000
2016,PL,Poland,CEPA4,"Protection and remediation of soil, groundwater and surface water",3300000,0,10400000,10400000,13700000
2016,PT,Portugal,CEPA4,"Protection and remediation of soil, groundwater and surface water",0,1200000,7900000,9100000,9100000
2016,RO,Romania,CEPA4,"Protection and remediation of soil, groundwater and surface water",400000,200000,43700000,43900000,44300000
2016,SE,Sweden,CEPA4,"Protection and remediation of soil, groundwater and surface water",100000,2200000,,2200000,2300000
2016,SI,Slovenia,CEPA4,"Protection and remediation of soil, groundwater and surface water",300000,0,5700000,5700000,6000000
2016,AT,Austria,CEPA5,Noise and vibration abatement (excluding workplace protection),0,2200000,19800000,22000000,22000000
2016,BE,Belgium,CEPA5,Noise and vibration abatement (excluding workplace protection),400000,33300000,20300000,53600000,54000000
2016,BG,Bulgaria,CEPA5,Noise and vibration abatement (excluding workplace protection),0,0,0,0,0
2016,CH,Switzerland,CEPA5,Noise and vibration abatement (excluding workplace protection),21600000,0,,0,21600000
2016,DE,Germany,CEPA5,Noise and vibration abatement (excluding workplace protection),,,130700000,130700000,130700000
2016,EL,Greece,CEPA5,Noise and vibration abatement (excluding workplace protection),0,0,0,0,0
2016,FI,Finland,CEPA5,Noise and vibration abatement (excluding workplace protection),12500000,0,,0,12500000
2016,HR,Croatia,CEPA5,Noise and vibration abatement (excluding workplace protection),0,0,1500000,1500000,1500000
2016,IE,Ireland,CEPA5,Noise and vibration abatement (excluding workplace protection),0,0,0,0,0
2016,LT,Lithuania,CEPA5,Noise and vibration abatement (excluding workplace protection),0,0,5200000,5200000,5200000
2016,LV,Latvia,CEPA5,Noise and vibration abatement (excluding workplace protection),0,,,0,0
2016,MT,Malta,CEPA5,Noise and vibration abatement (excluding workplace protection),0,0,0,0,0
2016,NO,Norway,CEPA5,Noise and vibration abatement (excluding workplace protection),13100000,,400000,400000,13500000
2016,PL,Poland,CEPA5,Noise and vibration abatement (excluding workplace protection),32400000,0,10400000,10400000,42800000
2016,PT,Portugal,CEPA5,Noise and vibration abatement (excluding workplace protection),0,15000000,2500000,17500000,17500000
2016,RO,Romania,CEPA5,Noise and vibration abatement (excluding workplace protection),0,0,2500000,2500000,2500000
2016,SE,Sweden,CEPA5,Noise and vibration abatement (excluding workplace protection),0,0,,0,0
2016,SI,Slovenia,CEPA5,Noise and vibration abatement (excluding workplace protection),0,0,8900000,8900000,8900000
2016,AT,Austria,CEPA6,Protection of biodiversity and landscapes,10200000,0,15100000,15100000,25300000
2016,BE,Belgium,CEPA6,Protection of biodiversity and landscapes,53400000,7700000,2200000,9900000,63300000
2016,BG,Bulgaria,CEPA6,Protection of biodiversity and landscapes,100000,0,0,0,100000
2016,CH,Switzerland,CEPA6,Protection of biodiversity and landscapes,26600000,6700000,,6700000,33300000
2016,DE,Germany,CEPA6,Protection of biodiversity and landscapes,171000000,,65700000,65700000,236700000
2016,EL,Greece,CEPA6,Protection of biodiversity and landscapes,1000000,0,0,0,1000000
2016,FI,Finland,CEPA6,Protection of biodiversity and landscapes,10800000,0,,0,10800000
2016,HR,Croatia,CEPA6,Protection of biodiversity and landscapes,1100000,0,600000,600000,1700000
2016,IE,Ireland,CEPA6,Protection of biodiversity and landscapes,8100000,0,1300000,1300000,9400000
2016,LT,Lithuania,CEPA6,Protection of biodiversity and landscapes,1700000,100000,100000,200000,1900000
2016,LV,Latvia,CEPA6,Protection of biodiversity and landscapes,700000,100000,,100000,800000
2016,MT,Malta,CEPA6,Protection of biodiversity and landscapes,600000,0,0,0,600000
2016,NO,Norway,CEPA6,Protection of biodiversity and landscapes,73000000,,600000,600000,73600000
2016,PL,Poland,CEPA6,Protection of biodiversity and landscapes,24100000,0,900000,900000,25000000
2016,PT,Portugal,CEPA6,Protection of biodiversity and landscapes,10600000,2900000,8200000,11100000,21700000
2016,RO,Romania,CEPA6,Protection of biodiversity and landscapes,0,0,3300000,3300000,3300000
2016,SE,Sweden,CEPA6,Protection of biodiversity and landscapes,41000000,0,,0,41000000
2016,SI,Slovenia,CEPA6,Protection of biodiversity and landscapes,2600000,0,3100000,3100000,5700000
2016,AT,Austria,CEPA7,Protection against radiation (excluding external safety),,0,0,0,0
2016,BE,Belgium,CEPA7,Protection against radiation (excluding external safety),200000,14700000,0,14700000,14900000
2016,BG,Bulgaria,CEPA7,Protection against radiation (excluding external safety),0,0,0,0,0
2016,CH,Switzerland,CEPA7,Protection against radiation (excluding external safety),,0,,0,0
2016,DE,Germany,CEPA7,Protection against radiation (excluding external safety),,,,0,0
2016,EL,Greece,CEPA7,Protection against radiation (excluding external safety),0,0,0,0,0
2016,FI,Finland,CEPA7,Protection against radiation (excluding external safety),2900000,,,0,2900000
2016,HR,Croatia,CEPA7,Protection against radiation (excluding external safety),0,0,0,0,0
2016,IE,Ireland,CEPA7,Protection against radiation (excluding external safety),0,,0,0,0
2016,LT,Lithuania,CEPA7,Protection against radiation (excluding external safety),24700000,0,0,0,24700000
2016,LV,Latvia,CEPA7,Protection against radiation (excluding external safety),,,,0,0
2016,MT,Malta,CEPA7,Protection against radiation (excluding external safety),0,0,0,0,0
2016,NO,Norway,CEPA7,Protection against radiation (excluding external safety),0,,0,0,0
2016,PL,Poland,CEPA7,Protection against radiation (excluding external safety),100000,0,100000,100000,200000
2016,PT,Portugal,CEPA7,Protection against radiation (excluding external safety),0,0,0,0,0
2016,RO,Romania,CEPA7,Protection against radiation (excluding external safety),0,0,100000,100000,100000
2016,SE,Sweden,CEPA7,Protection against radiation (excluding external safety),,,,0,0
2016,SI,Slovenia,CEPA7,Protection against radiation (excluding external safety),0,,,0,0
2016,AT,Austria,CEPA7-9,Protection against radiation; environmental research and development; other environmental protection activities,0,69000000,100000,69100000,69100000
2016,BE,Belgium,CEPA7-9,Protection against radiation; environmental research and development; other environmental protection activities,23600000,42800000,67900000,110700000,134300000
2016,BG,Bulgaria,CEPA7-9,Protection against radiation; environmental research and development; other environmental protection activities,1200000,0,4500000,4500000,5700000
2016,CH,Switzerland,CEPA7-9,Protection against radiation; environmental research and development; other environmental protection activities,52200000,22400000,,22400000,74600000
2016,DE,Germany,CEPA7-9,Protection against radiation; environmental research and development; other environmental protection activities,,,0,0,0
2016,EL,Greece,CEPA7-9,Protection against radiation; environmental research and development; other environmental protection activities,0,0,2500000,2500000,2500000
2016,FI,Finland,CEPA7-9,Protection against radiation; environmental research and development; other environmental protection activities,12700000,0,,0,12700000
2016,HR,Croatia,CEPA7-9,Protection against radiation; environmental research and development; other environmental protection activities,100000,0,600000,600000,700000
2016,IE,Ireland,CEPA7-9,Protection against radiation; environmental research and development; other environmental protection activities,9900000,0,1200000,1200000,11100000
2016,LT,Lithuania,CEPA7-9,Protection against radiation; environmental research and development; other environmental protection activities,26800000,200000,0,200000,27000000
2016,LV,Latvia,CEPA7-9,Protection against radiation; environmental research and development; other environmental protection activities,4900000,,,0,4900000
2016,MT,Malta,CEPA7-9,Protection against radiation; environmental research and development; other environmental protection activities,100000,0,0,0,100000
2016,NO,Norway,CEPA7-9,Protection against radiation; environmental research and development; other environmental protection activities,7500000,,3500000,3500000,11000000
2016,PL,Poland,CEPA7-9,Protection against radiation; environmental research and development; other environmental protection activities,59500000,600000,45000000,45600000,105100000
2016,PT,Portugal,CEPA7-9,Protection against radiation; environmental research and development; other environmental protection activities,64700000,12300000,3400000,15700000,80400000
2016,RO,Romania,CEPA7-9,Protection against radiation; environmental research and development; other environmental protection activities,9200000,300000,17000000,17300000,26500000
2016,SE,Sweden,CEPA7-9,Protection against radiation; environmental research and development; other environmental protection activities,28700000,0,,0,28700000
2016,SI,Slovenia,CEPA7-9,Protection against radiation; environmental research and development; other environmental protection activities,27500000,0,8200000,8200000,35700000
2016,AT,Austria,CEPA8,Environmental research and development,,15500000,0,15500000,15500000
2016,BE,Belgium,CEPA8,Environmental research and development,3400000,2000000,43300000,45300000,48700000
2016,BG,Bulgaria,CEPA8,Environmental research and development,300000,0,1400000,1400000,1700000
2016,CH,Switzerland,CEPA8,Environmental research and development,,11400000,,11400000,11400000
2016,DE,Germany,CEPA8,Environmental research and development,348000000,,,0,348000000
2016,EL,Greece,CEPA8,Environmental research and development,0,0,0,0,0
2016,FI,Finland,CEPA8,Environmental research and development,0,,,0,0
2016,HR,Croatia,CEPA8,Environmental research and development,0,0,0,0,0
2016,IE,Ireland,CEPA8,Environmental research and development,300000,,0,0,300000
2016,LT,Lithuania,CEPA8,Environmental research and development,0,100000,0,100000,100000
2016,LV,Latvia,CEPA8,Environmental research and development,,,,0,0
2016,MT,Malta,CEPA8,Environmental research and development,0,0,0,0,0
2016,NO,Norway,CEPA8,Environmental research and development,6200000,,1300000,1300000,7500000
2016,PL,Poland,CEPA8,Environmental research and development,0,0,1000000,1000000,1000000
2016,PT,Portugal,CEPA8,Environmental research and development,60200000,12100000,0,12100000,72300000
2016,RO,Romania,CEPA8,Environmental research and development,0,0,0,0,0
2016,SE,Sweden,CEPA8,Environmental research and development,,,,0,0
2016,SI,Slovenia,CEPA8,Environmental research and development,9000000,0,0,0,9000000
2016,AT,Austria,CEPA9,Other environmental protection activities,,53400000,100000,53500000,53500000
2016,BE,Belgium,CEPA9,Other environmental protection activities,20000000,26200000,24500000,50700000,70700000
2016,BG,Bulgaria,CEPA9,Other environmental protection activities,900000,0,3100000,3100000,4000000
2016,CH,Switzerland,CEPA9,Other environmental protection activities,,11000000,,11000000,11000000
2016,DE,Germany,CEPA9,Other environmental protection activities,35000000,,,0,35000000
2016,EL,Greece,CEPA9,Other environmental protection activities,0,0,2500000,2500000,2500000
2016,FI,Finland,CEPA9,Other environmental protection activities,9800000,,,0,9800000
2016,HR,Croatia,CEPA9,Other environmental protection activities,100000,0,600000,600000,700000
2016,IE,Ireland,CEPA9,Other environmental protection activities,9600000,,1200000,1200000,10800000
2016,LT,Lithuania,CEPA9,Other environmental protection activities,2100000,100000,0,100000,2200000
2016,LV,Latvia,CEPA9,Other environmental protection activities,,,,0,0
2016,MT,Malta,CEPA9,Other environmental protection activities,100000,0,0,0,100000
2016,NO,Norway,CEPA9,Other environmental protection activities,1300000,,2200000,2200000,3500000
2016,PL,Poland,CEPA9,Other environmental protection activities,59500000,600000,43800000,44400000,103900000
2016,PT,Portugal,CEPA9,Other environmental protection activities,4400000,200000,3400000,3600000,8000000
2016,RO,Romania,CEPA9,Other environmental protection activities,9200000,300000,16900000,17200000,26400000
2016,SE,Sweden,CEPA9,Other environmental protection activities,,,,0,0
2016,SI,Slovenia,CEPA9,Other environmental protection activities,18500000,0,8200000,8200000,26700000
2017,AT,Austria,CEPA1,Protection of ambient air and climate,0,13900000,131800000,145700000,145700000
2017,BE,Belgium,CEPA1,Protection of ambient air and climate,2800000,16400000,191400000,207800000,210600000
2017,BG,Bulgaria,CEPA1,Protection of ambient air and climate,1200000,0,60000000,60000000,61200000
2017,CH,Switzerland,CEPA1,Protection of ambient air and climate,2300000,3200000,134600000,137800000,140100000
2017,DE,Germany,CEPA1,Protection of ambient air and climate,,,822100000,822100000,822100000
2017,EL,Greece,CEPA1,Protection of ambient air and climate,0,0,14300000,14300000,14300000
2017,FI,Finland,CEPA1,Protection of ambient air and climate,0,0,113600000,113600000,113600000
2017,HR,Croatia,CEPA1,Protection of ambient air and climate,500000,200000,27500000,27700000,28200000
2017,IE,Ireland,CEPA1,Protection of ambient air and climate,13900000,0,7600000,7600000,21500000
2017,LT,Lithuania,CEPA1,Protection of ambient air and climate,5100000,10500000,13500000,24000000,29100000
2017,LV,Latvia,CEPA1,Protection of ambient air and climate,4900000,200000,,200000,5100000
2017,MT,Malta,CEPA1,Protection of ambient air and climate,0,0,0,0,0
2017,NO,Norway,CEPA1,Protection of ambient air and climate,14800000,,41400000,41400000,56200000
2017,PL,Poland,CEPA1,Protection of ambient air and climate,33900000,2000000,508200000,510200000,544100000
2017,PT,Portugal,CEPA1,Protection of ambient air and climate,0,9800000,41900000,51700000,51700000
2017,RO,Romania,CEPA1,Protection of ambient air and climate,1800000,0,43100000,43100000,44900000
2017,SE,Sweden,CEPA1,Protection of ambient air and climate,52300000,0,,0,52300000
2017,SI,Slovenia,CEPA1,Protection of ambient air and climate,500000,200000,36400000,36600000,37100000
2017,HR,Croatia,CEPA112_122,Protection of climate and ozone layer,,,,0,0
2017,IE,Ireland,CEPA112_122,Protection of climate and ozone layer,13900000,,,0,13900000
2017,MT,Malta,CEPA112_122,Protection of climate and ozone layer,0,0,0,0,0
2017,AT,Austria,CEPA2,Wastewater management,7400000,449800000,38300000,488100000,495500000
2017,BE,Belgium,CEPA2,Wastewater management,133700000,72500000,255400000,327900000,461600000
2017,BG,Bulgaria,CEPA2,Wastewater management,72800000,1200000,13500000,14700000,87500000
2017,CH,Switzerland,CEPA2,Wastewater management,505900000,181600000,71000000,252600000,758500000
2017,DE,Germany,CEPA2,Wastewater management,818000000,4765000000,1078000000,5843000000,6661000000
2017,EL,Greece,CEPA2,Wastewater management,81000000,3600000,4100000,7700000,88700000
2017,FI,Finland,CEPA2,Wastewater management,100000,125000000,79000000,204000000,204100000
2017,HR,Croatia,CEPA2,Wastewater management,12700000,14200000,102500000,116700000,129400000
2017,IE,Ireland,CEPA2,Wastewater management,300800000,3600000,15000000,18600000,319400000
2017,LT,Lithuania,CEPA2,Wastewater management,1300000,18800000,2000000,20800000,22100000
2017,LV,Latvia,CEPA2,Wastewater management,3200000,26000000,,26000000,29200000
2017,MT,Malta,CEPA2,Wastewater management,0,3400000,1000000,4400000,4400000
2017,NO,Norway,CEPA2,Wastewater management,670300000,7000000,31500000,38500000,708800000
2017,PL,Poland,CEPA2,Wastewater management,296800000,251600000,90000000,341600000,638400000
2017,PT,Portugal,CEPA2,Wastewater management,152700000,49900000,41700000,91600000,244300000
2017,RO,Romania,CEPA2,Wastewater management,165700000,1000000,44200000,45200000,210900000
2017,SE,Sweden,CEPA2,Wastewater management,426400000,133700000,,133700000,560100000
2017,SI,Slovenia,CEPA2,Wastewater management,51500000,1100000,27800000,28900000,80400000
2017,AT,Austria,CEPA3,Waste management,3800000,236900000,18300000,255200000,259000000
2017,BE,Belgium,CEPA3,Waste management,216800000,694800000,25000000,719800000,936600000
2017,BG,Bulgaria,CEPA3,Waste management,27100000,31100000,16300000,47400000,74500000
2017,CH,Switzerland,CEPA3,Waste management,482900000,221200000,48600000,269800000,752700000
2017,DE,Germany,CEPA3,Waste management,651000000,1634800000,326600000,1961400000,2612400000
2017,EL,Greece,CEPA3,Waste management,137000000,34400000,4100000,38500000,175500000
2017,FI,Finland,CEPA3,Waste management,100000,126000000,35400000,161400000,161500000
2017,HR,Croatia,CEPA3,Waste management,36300000,26200000,3800000,30000000,66300000
2017,IE,Ireland,CEPA3,Waste management,31900000,34700000,9600000,44300000,76200000
2017,LT,Lithuania,CEPA3,Waste management,2600000,7800000,900000,8700000,11300000
2017,LV,Latvia,CEPA3,Waste management,13200000,14300000,,14300000,27500000
2017,MT,Malta,CEPA3,Waste management,6100000,600000,4300000,4900000,11000000
2017,NO,Norway,CEPA3,Waste management,80700000,133600000,21500000,155100000,235800000
2017,PL,Poland,CEPA3,Waste management,13000000,105300000,85800000,191100000,204100000
2017,PT,Portugal,CEPA3,Waste management,12700000,91700000,9500000,101200000,113900000
2017,RO,Romania,CEPA3,Waste management,76300000,28700000,15100000,43800000,120100000
2017,SE,Sweden,CEPA3,Waste management,706200000,195000000,,195000000,901200000
2017,SI,Slovenia,CEPA3,Waste management,5700000,10800000,40200000,51000000,56700000
2017,AT,Austria,CEPA4,"Protection and remediation of soil, groundwater and surface water",0,92900000,900000,93800000,93800000
2017,BE,Belgium,CEPA4,"Protection and remediation of soil, groundwater and surface water",41200000,35300000,29400000,64700000,105900000
2017,BG,Bulgaria,CEPA4,"Protection and remediation of soil, groundwater and surface water",3500000,0,1100000,1100000,4600000
2017,CH,Switzerland,CEPA4,"Protection and remediation of soil, groundwater and surface water",29300000,900000,,900000,30200000
2017,DE,Germany,CEPA4,"Protection and remediation of soil, groundwater and surface water",,52000000,154000000,206000000,206000000
2017,EL,Greece,CEPA4,"Protection and remediation of soil, groundwater and surface water",0,100000,0,100000,100000
2017,FI,Finland,CEPA4,"Protection and remediation of soil, groundwater and surface water",500000,6000000,109400000,115400000,115900000
2017,HR,Croatia,CEPA4,"Protection and remediation of soil, groundwater and surface water",18200000,100000,4700000,4800000,23000000
2017,IE,Ireland,CEPA4,"Protection and remediation of soil, groundwater and surface water",4100000,0,2300000,2300000,6400000
2017,LT,Lithuania,CEPA4,"Protection and remediation of soil, groundwater and surface water",0,200000,400000,600000,600000
2017,LV,Latvia,CEPA4,"Protection and remediation of soil, groundwater and surface water",0,1200000,,1200000,1200000
2017,MT,Malta,CEPA4,"Protection and remediation of soil, groundwater and surface water",0,0,0,0,0
2017,NO,Norway,CEPA4,"Protection and remediation of soil, groundwater and surface water",2400000,1900000,3800000,5700000,8100000
2017,PL,Poland,CEPA4,"Protection and remediation of soil, groundwater and surface water",1500000,300000,9100000,9400000,10900000
2017,PT,Portugal,CEPA4,"Protection and remediation of soil, groundwater and surface water",100000,2400000,5900000,8300000,8400000
2017,RO,Romania,CEPA4,"Protection and remediation of soil, groundwater and surface water",1700000,700000,35600000,36300000,38000000
2017,SE,Sweden,CEPA4,"Protection and remediation of soil, groundwater and surface water",100000,1600000,,1600000,1700000
2017,SI,Slovenia,CEPA4,"Protection and remediation of soil, groundwater and surface water",500000,0,4900000,4900000,5400000
2017,AT,Austria,CEPA5,Noise and vibration abatement (excluding workplace protection),0,2700000,0,2700000,2700000
2017,BE,Belgium,CEPA5,Noise and vibration abatement (excluding workplace protection),600000,36600000,21800000,58400000,59000000
2017,BG,Bulgaria,CEPA5,Noise and vibration abatement (excluding workplace protection),0,0,0,0,0
2017,CH,Switzerland,CEPA5,Noise and vibration abatement (excluding workplace protection),23200000,0,,0,23200000
2017,DE,Germany,CEPA5,Noise and vibration abatement (excluding workplace protection),,,119400000,119400000,119400000
2017,EL,Greece,CEPA5,Noise and vibration abatement (excluding workplace protection),0,0,0,0,0
2017,FI,Finland,CEPA5,Noise and vibration abatement (excluding workplace protection),14900000,0,1800000,1800000,16700000
2017,HR,Croatia,CEPA5,Noise and vibration abatement (excluding workplace protection),0,0,1300000,1300000,1300000
2017,IE,Ireland,CEPA5,Noise and vibration abatement (excluding workplace protection),0,0,0,0,0
2017,LT,Lithuania,CEPA5,Noise and vibration abatement (excluding workplace protection),0,0,7300000,7300000,7300000
2017,LV,Latvia,CEPA5,Noise and vibration abatement (excluding workplace protection),0,,,0,0
2017,MT,Malta,CEPA5,Noise and vibration abatement (excluding workplace protection),0,0,0,0,0
2017,NO,Norway,CEPA5,Noise and vibration abatement (excluding workplace protection),13200000,,400000,400000,13600000
2017,PL,Poland,CEPA5,Noise and vibration abatement (excluding workplace protection),5800000,0,10100000,10100000,15900000
2017,PT,Portugal,CEPA5,Noise and vibration abatement (excluding workplace protection),0,11900000,11300000,23200000,23200000
2017,RO,Romania,CEPA5,Noise and vibration abatement (excluding workplace protection),1200000,0,8200000,8200000,9400000
2017,SE,Sweden,CEPA5,Noise and vibration abatement (excluding workplace protection),0,0,,0,0
2017,SI,Slovenia,CEPA5,Noise and vibration abatement (excluding workplace protection),0,0,6400000,6400000,6400000
2017,AT,Austria,CEPA6,Protection of biodiversity and landscapes,8100000,0,1300000,1300000,9400000
2017,BE,Belgium,CEPA6,Protection of biodiversity and landscapes,75300000,8300000,2200000,10500000,85800000
2017,BG,Bulgaria,CEPA6,Protection of biodiversity and landscapes,300000,0,300000,300000,600000
2017,CH,Switzerland,CEPA6,Protection of biodiversity and landscapes,21900000,5400000,,5400000,27300000
2017,DE,Germany,CEPA6,Protection of biodiversity and landscapes,147000000,,66000000,66000000,213000000
2017,EL,Greece,CEPA6,Protection of biodiversity and landscapes,1000000,0,0,0,1000000
2017,FI,Finland,CEPA6,Protection of biodiversity and landscapes,8900000,0,600000,600000,9500000
2017,HR,Croatia,CEPA6,Protection of biodiversity and landscapes,1100000,0,600000,600000,1700000
2017,IE,Ireland,CEPA6,Protection of biodiversity and landscapes,10800000,0,700000,700000,11500000
2017,LT,Lithuania,CEPA6,Protection of biodiversity and landscapes,6100000,0,300000,300000,6400000
2017,LV,Latvia,CEPA6,Protection of biodiversity and landscapes,600000,100000,,100000,700000
2017,MT,Malta,CEPA6,Protection of biodiversity and landscapes,2000000,0,0,0,2000000
2017,NO,Norway,CEPA6,Protection of biodiversity and landscapes,70300000,,400000,400000,70700000
2017,PL,Poland,CEPA6,Protection of biodiversity and landscapes,31800000,100000,200000,300000,32100000
2017,PT,Portugal,CEPA6,Protection of biodiversity and landscapes,7300000,2400000,12500000,14900000,22200000
2017,RO,Romania,CEPA6,Protection of biodiversity and landscapes,0,0,1900000,1900000,1900000
2017,SE,Sweden,CEPA6,Protection of biodiversity and landscapes,42800000,0,,0,42800000
2017,SI,Slovenia,CEPA6,Protection of biodiversity and landscapes,3700000,0,7200000,7200000,10900000
2017,AT,Austria,CEPA7,Protection against radiation (excluding external safety),,0,0,0,0
2017,BE,Belgium,CEPA7,Protection against radiation (excluding external safety),0,16900000,0,16900000,16900000
2017,BG,Bulgaria,CEPA7,Protection against radiation (excluding external safety),0,0,0,0,0
2017,CH,Switzerland,CEPA7,Protection against radiation (excluding external safety),,0,,0,0
2017,DE,Germany,CEPA7,Protection against radiation (excluding external safety),,,,0,0
2017,EL,Greece,CEPA7,Protection against radiation (excluding external safety),0,0,0,0,0
2017,FI,Finland,CEPA7,Protection against radiation (excluding external safety),900000,,0,0,900000
2017,HR,Croatia,CEPA7,Protection against radiation (excluding external safety),0,0,0,0,0
2017,IE,Ireland,CEPA7,Protection against radiation (excluding external safety),0,,0,0,0
2017,LT,Lithuania,CEPA7,Protection against radiation (excluding external safety),39300000,0,0,0,39300000
2017,LV,Latvia,CEPA7,Protection against radiation (excluding external safety),,,,0,0
2017,MT,Malta,CEPA7,Protection against radiation (excluding external safety),0,0,0,0,0
2017,NO,Norway,CEPA7,Protection against radiation (excluding external safety),0,,0,0,0
2017,PL,Poland,CEPA7,Protection against radiation (excluding external safety),100000,0,0,0,100000
2017,PT,Portugal,CEPA7,Protection against radiation (excluding external safety),0,0,0,0,0
2017,RO,Romania,CEPA7,Protection against radiation (excluding external safety),1200000,0,0,0,1200000
2017,SE,Sweden,CEPA7,Protection against radiation (excluding external safety),,,,0,0
2017,SI,Slovenia,CEPA7,Protection against radiation (excluding external safety),0,,,0,0
2017,AT,Austria,CEPA7-9,Protection against radiation; environmental research and development; other environmental protection activities,0,88200000,100000,88300000,88300000
2017,BE,Belgium,CEPA7-9,Protection against radiation; environmental research and development; other environmental protection activities,29600000,43600000,73600000,117200000,146800000
2017,BG,Bulgaria,CEPA7-9,Protection against radiation; environmental research and development; other environmental protection activities,1500000,0,5300000,5300000,6800000
2017,CH,Switzerland,CEPA7-9,Protection against radiation; environmental research and development; other environmental protection activities,49800000,18500000,,18500000,68300000
2017,DE,Germany,CEPA7-9,Protection against radiation; environmental research and development; other environmental protection activities,,,0,0,0
2017,EL,Greece,CEPA7-9,Protection against radiation; environmental research and development; other environmental protection activities,0,0,3800000,3800000,3800000
2017,FI,Finland,CEPA7-9,Protection against radiation; environmental research and development; other environmental protection activities,16900000,0,16700000,16700000,33600000
2017,HR,Croatia,CEPA7-9,Protection against radiation; environmental research and development; other environmental protection activities,100000,0,500000,500000,600000
2017,IE,Ireland,CEPA7-9,Protection against radiation; environmental research and development; other environmental protection activities,12700000,0,600000,600000,13300000
2017,LT,Lithuania,CEPA7-9,Protection against radiation; environmental research and development; other environmental protection activities,45500000,200000,0,200000,45700000
2017,LV,Latvia,CEPA7-9,Protection against radiation; environmental research and development; other environmental protection activities,5000000,,,0,5000000
2017,MT,Malta,CEPA7-9,Protection against radiation; environmental research and development; other environmental protection activities,600000,0,0,0,600000
2017,NO,Norway,CEPA7-9,Protection against radiation; environmental research and development; other environmental protection activities,19300000,,30800000,30800000,50100000
2017,PL,Poland,CEPA7-9,Protection against radiation; environmental research and development; other environmental protection activities,95300000,500000,62800000,63300000,158600000
2017,PT,Portugal,CEPA7-9,Protection against radiation; environmental research and development; other environmental protection activities,67600000,11600000,0,11600000,79200000
2017,RO,Romania,CEPA7-9,Protection against radiation; environmental research and development; other environmental protection activities,9000000,0,22500000,22500000,31500000
2017,SE,Sweden,CEPA7-9,Protection against radiation; environmental research and development; other environmental protection activities,38200000,0,,0,38200000
2017,SI,Slovenia,CEPA7-9,Protection against radiation; environmental research and development; other environmental protection activities,12700000,0,12300000,12300000,25000000
2017,AT,Austria,CEPA8,Environmental research and development,,23400000,0,23400000,23400000
2017,BE,Belgium,CEPA8,Environmental research and development,1700000,2000000,46900000,48900000,50600000
2017,BG,Bulgaria,CEPA8,Environmental research and development,300000,0,600000,600000,900000
2017,CH,Switzerland,CEPA8,Environmental research and development,,9000000,,9000000,9000000
2017,DE,Germany,CEPA8,Environmental research and development,369000000,,,0,369000000
2017,EL,Greece,CEPA8,Environmental research and development,0,0,0,0,0
2017,FI,Finland,CEPA8,Environmental research and development,0,,6400000,6400000,6400000
2017,HR,Croatia,CEPA8,Environmental research and development,0,0,0,0,0
2017,IE,Ireland,CEPA8,Environmental research and development,600000,,0,0,600000
2017,LT,Lithuania,CEPA8,Environmental research and development,0,200000,0,200000,200000
2017,LV,Latvia,CEPA8,Environmental research and development,,,,0,0
2017,MT,Malta,CEPA8,Environmental research and development,0,0,0,0,0
2017,NO,Norway,CEPA8,Environmental research and development,16300000,,5500000,5500000,21800000
2017,PL,Poland,CEPA8,Environmental research and development,0,0,4200000,4200000,4200000
2017,PT,Portugal,CEPA8,Environmental research and development,53500000,11200000,0,11200000,64700000
2017,RO,Romania,CEPA8,Environmental research and development,0,0,0,0,0
2017,SE,Sweden,CEPA8,Environmental research and development,,,,0,0
2017,SI,Slovenia,CEPA8,Environmental research and development,9900000,0,0,0,9900000
2017,AT,Austria,CEPA9,Other environmental protection activities,,64800000,100000,64900000,64900000
2017,BE,Belgium,CEPA9,Other environmental protection activities,27900000,24800000,26600000,51400000,79300000
2017,BG,Bulgaria,CEPA9,Other environmental protection activities,1200000,0,4700000,4700000,5900000
2017,CH,Switzerland,CEPA9,Other environmental protection activities,,9500000,,9500000,9500000
2017,DE,Germany,CEPA9,Other environmental protection activities,36000000,,,0,36000000
2017,EL,Greece,CEPA9,Other environmental protection activities,0,0,3800000,3800000,3800000
2017,FI,Finland,CEPA9,Other environmental protection activities,16000000,,10300000,10300000,26300000
2017,HR,Croatia,CEPA9,Other environmental protection activities,100000,0,500000,500000,600000
2017,IE,Ireland,CEPA9,Other environmental protection activities,12100000,,600000,600000,12700000
2017,LT,Lithuania,CEPA9,Other environmental protection activities,6200000,100000,0,100000,6300000
2017,LV,Latvia,CEPA9,Other environmental protection activities,,,,0,0
2017,MT,Malta,CEPA9,Other environmental protection activities,600000,0,0,0,600000
2017,NO,Norway,CEPA9,Other environmental protection activities,3000000,,25300000,25300000,28300000
2017,PL,Poland,CEPA9,Other environmental protection activities,95200000,500000,58500000,59000000,154200000
2017,PT,Portugal,CEPA9,Other environmental protection activities,14200000,400000,0,400000,14600000
2017,RO,Romania,CEPA9,Other environmental protection activities,7800000,0,22500000,22500000,30300000
2017,SE,Sweden,CEPA9,Other environmental protection activities,,,,0,0
2017,SI,Slovenia,CEPA9,Other environmental protection activities,2800000,0,12300000,12300000,15100000
2018,AT,Austria,CEPA1,Protection of ambient air and climate,1500000,14300000,172700000,187000000,188500000
2018,BE,Belgium,CEPA1,Protection of ambient air and climate,2100000,16000000,199800000,215800000,217900000
2018,BG,Bulgaria,CEPA1,Protection of ambient air and climate,400000,0,46600000,46600000,47000000
2018,CH,Switzerland,CEPA1,Protection of ambient air and climate,2600000,4200000,112800000,117000000,119600000
2018,DE,Germany,CEPA1,Protection of ambient air and climate,355500000,0,897900000,897900000,1253400000
2018,EL,Greece,CEPA1,Protection of ambient air and climate,0,0,1400000,1400000,1400000
2018,FI,Finland,CEPA1,Protection of ambient air and climate,100000,0,105900000,105900000,106000000
2018,HR,Croatia,CEPA1,Protection of ambient air and climate,400000,0,,0,400000
2018,IE,Ireland,CEPA1,Protection of ambient air and climate,9100000,0,20300000,20300000,29400000
2018,LT,Lithuania,CEPA1,Protection of ambient air and climate,4700000,5500000,17600000,23100000,27800000
2018,LV,Latvia,CEPA1,Protection of ambient air and climate,4500000,300000,9200000,9500000,14000000
2018,MT,Malta,CEPA1,Protection of ambient air and climate,0,0,0,0,0
2018,NO,Norway,CEPA1,Protection of ambient air and climate,15400000,0,,0,15400000
2018,PL,Poland,CEPA1,Protection of ambient air and climate,40600000,3500000,557300000,560800000,601400000
2018,PT,Portugal,CEPA1,Protection of ambient air and climate,0,15400000,77800000,93200000,93200000
2018,RO,Romania,CEPA1,Protection of ambient air and climate,1700000,100000,192400000,192500000,194200000
2018,SE,Sweden,CEPA1,Protection of ambient air and climate,60900000,0,256100000,256100000,317000000
2018,SI,Slovenia,CEPA1,Protection of ambient air and climate,700000,0,47900000,47900000,48600000
2018,HR,Croatia,CEPA112_122,Protection of climate and ozone layer,,,,0,0
2018,IE,Ireland,CEPA112_122,Protection of climate and ozone layer,9100000,,,0,9100000
2018,MT,Malta,CEPA112_122,Protection of climate and ozone layer,0,0,0,0,0
2018,AT,Austria,CEPA2,Wastewater management,9200000,492800000,47600000,540400000,549600000
2018,BE,Belgium,CEPA2,Wastewater management,160700000,89700000,269500000,359200000,519900000
2018,BG,Bulgaria,CEPA2,Wastewater management,108900000,800000,15600000,16400000,125300000
2018,CH,Switzerland,CEPA2,Wastewater management,459000000,184400000,71400000,255800000,714800000
2018,DE,Germany,CEPA2,Wastewater management,1371000000,5310000000,1009600000,6319600000,7690600000
2018,EL,Greece,CEPA2,Wastewater management,96000000,2900000,4900000,7800000,103800000
2018,FI,Finland,CEPA2,Wastewater management,0,181000000,86800000,267800000,267800000
2018,HR,Croatia,CEPA2,Wastewater management,19900000,19100000,,19100000,39000000
2018,IE,Ireland,CEPA2,Wastewater management,371900000,1000000,10900000,11900000,383800000
2018,LT,Lithuania,CEPA2,Wastewater management,1700000,27000000,18300000,45300000,47000000
2018,LV,Latvia,CEPA2,Wastewater management,1100000,16300000,2100000,18400000,19500000
2018,MT,Malta,CEPA2,Wastewater management,0,22700000,200000,22900000,22900000
2018,NO,Norway,CEPA2,Wastewater management,666200000,19200000,,19200000,685400000
2018,PL,Poland,CEPA2,Wastewater management,772800000,409900000,110300000,520200000,1293000000
2018,PT,Portugal,CEPA2,Wastewater management,72400000,85000000,35700000,120700000,193100000
2018,RO,Romania,CEPA2,Wastewater management,234400000,1400000,37700000,39100000,273500000
2018,SE,Sweden,CEPA2,Wastewater management,458000000,114800000,85300000,200100000,658100000
2018,SI,Slovenia,CEPA2,Wastewater management,65600000,1100000,28300000,29400000,95000000
2018,AT,Austria,CEPA3,Waste management,18200000,294400000,35400000,329800000,348000000
2018,BE,Belgium,CEPA3,Waste management,251000000,858100000,26200000,884300000,1135300000
2018,BG,Bulgaria,CEPA3,Waste management,38200000,13700000,13300000,27000000,65200000
2018,CH,Switzerland,CEPA3,Waste management,448600000,223100000,40700000,263800000,712400000
2018,DE,Germany,CEPA3,Waste management,111400000,2001600000,384300000,2385900000,2497300000
2018,EL,Greece,CEPA3,Waste management,233000000,39100000,2800000,41900000,274900000
2018,FI,Finland,CEPA3,Waste management,400000,140000000,43400000,183400000,183800000
2018,HR,Croatia,CEPA3,Waste management,37100000,29000000,,29000000,66100000
2018,IE,Ireland,CEPA3,Waste management,35100000,38400000,25600000,64000000,99100000
2018,LT,Lithuania,CEPA3,Waste management,5500000,13700000,3100000,16800000,22300000
2018,LV,Latvia,CEPA3,Waste management,13000000,20200000,500000,20700000,33700000
2018,MT,Malta,CEPA3,Waste management,10100000,1000000,3800000,4800000,14900000
2018,NO,Norway,CEPA3,Waste management,124700000,106900000,,106900000,231600000
2018,PL,Poland,CEPA3,Waste management,62000000,92500000,44200000,136700000,198700000
2018,PT,Portugal,CEPA3,Waste management,2100000,170300000,10300000,180600000,182700000
2018,RO,Romania,CEPA3,Waste management,67700000,54400000,19200000,73600000,141300000
2018,SE,Sweden,CEPA3,Waste management,726600000,264900000,70900000,335800000,1062400000
2018,SI,Slovenia,CEPA3,Waste management,10000000,12800000,53900000,66700000,76700000
2018,AT,Austria,CEPA4,"Protection and remediation of soil, groundwater and surface water",1300000,81400000,2300000,83700000,85000000
2018,BE,Belgium,CEPA4,"Protection and remediation of soil, groundwater and surface water",54700000,44700000,30100000,74800000,129500000
2018,BG,Bulgaria,CEPA4,"Protection and remediation of soil, groundwater and surface water",1200000,0,3400000,3400000,4600000
2018,CH,Switzerland,CEPA4,"Protection and remediation of soil, groundwater and surface water",30400000,1200000,,1200000,31600000
2018,DE,Germany,CEPA4,"Protection and remediation of soil, groundwater and surface water",378800000,70000000,298100000,368100000,746900000
2018,EL,Greece,CEPA4,"Protection and remediation of soil, groundwater and surface water",0,400000,0,400000,400000
2018,FI,Finland,CEPA4,"Protection and remediation of soil, groundwater and surface water",1500000,11000000,72600000,83600000,85100000
2018,HR,Croatia,CEPA4,"Protection and remediation of soil, groundwater and surface water",16200000,200000,,200000,16400000
2018,IE,Ireland,CEPA4,"Protection and remediation of soil, groundwater and surface water",9700000,0,8300000,8300000,18000000
2018,LT,Lithuania,CEPA4,"Protection and remediation of soil, groundwater and surface water",0,0,200000,200000,200000
2018,LV,Latvia,CEPA4,"Protection and remediation of soil, groundwater and surface water",0,1000000,4700000,5700000,5700000
2018,MT,Malta,CEPA4,"Protection and remediation of soil, groundwater and surface water",0,0,0,0,0
2018,NO,Norway,CEPA4,"Protection and remediation of soil, groundwater and surface water",2600000,500000,,500000,3100000
2018,PL,Poland,CEPA4,"Protection and remediation of soil, groundwater and surface water",900000,200000,8700000,8900000,9800000
2018,PT,Portugal,CEPA4,"Protection and remediation of soil, groundwater and surface water",100000,2900000,11400000,14300000,14400000
2018,RO,Romania,CEPA4,"Protection and remediation of soil, groundwater and surface water",800000,1400000,38500000,39900000,40700000
2018,SE,Sweden,CEPA4,"Protection and remediation of soil, groundwater and surface water",100000,3200000,199500000,202700000,202800000
2018,SI,Slovenia,CEPA4,"Protection and remediation of soil, groundwater and surface water",1000000,0,5800000,5800000,6800000
2018,AT,Austria,CEPA5,Noise and vibration abatement (excluding workplace protection),0,3100000,0,3100000,3100000
2018,BE,Belgium,CEPA5,Noise and vibration abatement (excluding workplace protection),700000,40100000,22500000,62600000,63300000
2018,BG,Bulgaria,CEPA5,Noise and vibration abatement (excluding workplace protection),900000,0,0,0,900000
2018,CH,Switzerland,CEPA5,Noise and vibration abatement (excluding workplace protection),22800000,0,,0,22800000
2018,DE,Germany,CEPA5,Noise and vibration abatement (excluding workplace protection),503700000,0,103600000,103600000,607300000
2018,EL,Greece,CEPA5,Noise and vibration abatement (excluding workplace protection),0,0,0,0,0
2018,FI,Finland,CEPA5,Noise and vibration abatement (excluding workplace protection),11400000,0,2100000,2100000,13500000
2018,HR,Croatia,CEPA5,Noise and vibration abatement (excluding workplace protection),0,0,,0,0
2018,IE,Ireland,CEPA5,Noise and vibration abatement (excluding workplace protection),0,0,0,0,0
2018,LT,Lithuania,CEPA5,Noise and vibration abatement (excluding workplace protection),0,0,1600000,1600000,1600000
2018,LV,Latvia,CEPA5,Noise and vibration abatement (excluding workplace protection),0,0,0,0,0
2018,MT,Malta,CEPA5,Noise and vibration abatement (excluding workplace protection),0,0,0,0,0
2018,NO,Norway,CEPA5,Noise and vibration abatement (excluding workplace protection),12200000,0,,0,12200000
2018,PL,Poland,CEPA5,Noise and vibration abatement (excluding workplace protection),4500000,0,9200000,9200000,13700000
2018,PT,Portugal,CEPA5,Noise and vibration abatement (excluding workplace protection),0,14800000,3600000,18400000,18400000
2018,RO,Romania,CEPA5,Noise and vibration abatement (excluding workplace protection),800000,0,4100000,4100000,4900000
2018,SE,Sweden,CEPA5,Noise and vibration abatement (excluding workplace protection),0,0,15600000,15600000,15600000
2018,SI,Slovenia,CEPA5,Noise and vibration abatement (excluding workplace protection),0,0,8300000,8300000,8300000
2018,AT,Austria,CEPA6,Protection of biodiversity and landscapes,5300000,1800000,11500000,13300000,18600000
2018,BE,Belgium,CEPA6,Protection of biodiversity and landscapes,64400000,7800000,2500000,10300000,74700000
2018,BG,Bulgaria,CEPA6,Protection of biodiversity and landscapes,3800000,0,400000,400000,4200000
2018,CH,Switzerland,CEPA6,Protection of biodiversity and landscapes,25700000,6900000,,6900000,32600000
2018,DE,Germany,CEPA6,Protection of biodiversity and landscapes,161000000,0,48400000,48400000,209400000
2018,EL,Greece,CEPA6,Protection of biodiversity and landscapes,1000000,0,0,0,1000000
2018,FI,Finland,CEPA6,Protection of biodiversity and landscapes,9700000,0,200000,200000,9900000
2018,HR,Croatia,CEPA6,Protection of biodiversity and landscapes,1200000,0,,0,1200000
2018,IE,Ireland,CEPA6,Protection of biodiversity and landscapes,500000,0,800000,800000,1300000
2018,LT,Lithuania,CEPA6,Protection of biodiversity and landscapes,13200000,100000,0,100000,13300000
2018,LV,Latvia,CEPA6,Protection of biodiversity and landscapes,2200000,700000,0,700000,2900000
2018,MT,Malta,CEPA6,Protection of biodiversity and landscapes,2000000,0,0,0,2000000
2018,NO,Norway,CEPA6,Protection of biodiversity and landscapes,76100000,0,,0,76100000
2018,PL,Poland,CEPA6,Protection of biodiversity and landscapes,24500000,0,1000000,1000000,25500000
2018,PT,Portugal,CEPA6,Protection of biodiversity and landscapes,6700000,3300000,12800000,16100000,22800000
2018,RO,Romania,CEPA6,Protection of biodiversity and landscapes,0,0,2700000,2700000,2700000
2018,SE,Sweden,CEPA6,Protection of biodiversity and landscapes,27400000,0,2100000,2100000,29500000
2018,SI,Slovenia,CEPA6,Protection of biodiversity and landscapes,6500000,0,13100000,13100000,19600000
2018,AT,Austria,CEPA7,Protection against radiation (excluding external safety),100000,200000,0,200000,300000
2018,BE,Belgium,CEPA7,Protection against radiation (excluding external safety),100000,19800000,0,19800000,19900000
2018,BG,Bulgaria,CEPA7,Protection against radiation (excluding external safety),0,0,0,0,0
2018,CH,Switzerland,CEPA7,Protection against radiation (excluding external safety),,0,,0,0
2018,DE,Germany,CEPA7,Protection against radiation (excluding external safety),4900000,,,0,4900000
2018,EL,Greece,CEPA7,Protection against radiation (excluding external safety),0,0,0,0,0
2018,FI,Finland,CEPA7,Protection against radiation (excluding external safety),1500000,0,,0,1500000
2018,HR,Croatia,CEPA7,Protection against radiation (excluding external safety),,,,0,0
2018,IE,Ireland,CEPA7,Protection against radiation (excluding external safety),0,,0,0,0
2018,LT,Lithuania,CEPA7,Protection against radiation (excluding external safety),22500000,0,0,0,22500000
2018,LV,Latvia,CEPA7,Protection against radiation (excluding external safety),0,,0,0,0
2018,MT,Malta,CEPA7,Protection against radiation (excluding external safety),0,0,0,0,0
2018,NO,Norway,CEPA7,Protection against radiation (excluding external safety),,,,0,0
2018,PL,Poland,CEPA7,Protection against radiation (excluding external safety),0,0,0,0,0
2018,PT,Portugal,CEPA7,Protection against radiation (excluding external safety),0,0,0,0,0
2018,RO,Romania,CEPA7,Protection against radiation (excluding external safety),600000,0,100000,100000,700000
2018,SE,Sweden,CEPA7,Protection against radiation (excluding external safety),,,,0,0
2018,SI,Slovenia,CEPA7,Protection against radiation (excluding external safety),0,,,0,0
2018,AT,Austria,CEPA7-9,Protection against radiation; environmental research and development; other environmental protection activities,45000000,109300000,39200000,148500000,193500000
2018,BE,Belgium,CEPA7-9,Protection against radiation; environmental research and development; other environmental protection activities,31000000,42800000,78600000,121400000,152400000
2018,BG,Bulgaria,CEPA7-9,Protection against radiation; environmental research and development; other environmental protection activities,3300000,0,4700000,4700000,8000000
2018,CH,Switzerland,CEPA7-9,Protection against radiation; environmental research and development; other environmental protection activities,47300000,24800000,,24800000,72100000
2018,DE,Germany,CEPA7-9,Protection against radiation; environmental research and development; other environmental protection activities,443900000,0,0,0,443900000
2018,EL,Greece,CEPA7-9,Protection against radiation; environmental research and development; other environmental protection activities,0,0,4900000,4900000,4900000
2018,FI,Finland,CEPA7-9,Protection against radiation; environmental research and development; other environmental protection activities,18700000,0,11100000,11100000,29800000
2018,HR,Croatia,CEPA7-9,Protection against radiation; environmental research and development; other environmental protection activities,400000,0,,0,400000
2018,IE,Ireland,CEPA7-9,Protection against radiation; environmental research and development; other environmental protection activities,13200000,0,100000,100000,13300000
2018,LT,Lithuania,CEPA7-9,Protection against radiation; environmental research and development; other environmental protection activities,28900000,0,100000,100000,29000000
2018,LV,Latvia,CEPA7-9,Protection against radiation; environmental research and development; other environmental protection activities,6200000,0,500000,500000,6700000
2018,MT,Malta,CEPA7-9,Protection against radiation; environmental research and development; other environmental protection activities,100000,0,0,0,100000
2018,NO,Norway,CEPA7-9,Protection against radiation; environmental research and development; other environmental protection activities,55700000,0,,0,55700000
2018,PL,Poland,CEPA7-9,Protection against radiation; environmental research and development; other environmental protection activities,175800000,1000000,68700000,69700000,245500000
2018,PT,Portugal,CEPA7-9,Protection against radiation; environmental research and development; other environmental protection activities,71400000,17500000,1300000,18800000,90200000
2018,RO,Romania,CEPA7-9,Protection against radiation; environmental research and development; other environmental protection activities,8200000,100000,34000000,34100000,42300000
2018,SE,Sweden,CEPA7-9,Protection against radiation; environmental research and development; other environmental protection activities,43000000,0,113600000,113600000,156600000
2018,SI,Slovenia,CEPA7-9,Protection against radiation; environmental research and development; other environmental protection activities,14300000,0,31000000,31000000,45300000
2018,AT,Austria,CEPA8,Environmental research and development,40100000,32800000,0,32800000,72900000
2018,BE,Belgium,CEPA8,Environmental research and development,3300000,2200000,50500000,52700000,56000000
2018,BG,Bulgaria,CEPA8,Environmental research and development,0,0,1300000,1300000,1300000
2018,CH,Switzerland,CEPA8,Environmental research and development,,13400000,,13400000,13400000
2018,DE,Germany,CEPA8,Environmental research and development,394000000,,,0,394000000
2018,EL,Greece,CEPA8,Environmental research and development,0,0,0,0,0
2018,FI,Finland,CEPA8,Environmental research and development,0,0,,0,0
2018,HR,Croatia,CEPA8,Environmental research and development,,,,0,0
2018,IE,Ireland,CEPA8,Environmental research and development,1200000,,0,0,1200000
2018,LT,Lithuania,CEPA8,Environmental research and development,0,0,0,0,0
2018,LV,Latvia,CEPA8,Environmental research and development,0,,0,0,0
2018,MT,Malta,CEPA8,Environmental research and development,0,0,0,0,0
2018,NO,Norway,CEPA8,Environmental research and development,,,,0,0
2018,PL,Poland,CEPA8,Environmental research and development,100000,0,1800000,1800000,1900000
2018,PT,Portugal,CEPA8,Environmental research and development,55900000,16900000,0,16900000,72800000
2018,RO,Romania,CEPA8,Environmental research and development,0,0,0,0,0
2018,SE,Sweden,CEPA8,Environmental research and development,,,,0,0
2018,SI,Slovenia,CEPA8,Environmental research and development,11500000,0,0,0,11500000
2018,AT,Austria,CEPA9,Other environmental protection activities,4800000,76400000,39000000,115400000,120200000
2018,BE,Belgium,CEPA9,Other environmental protection activities,27700000,20800000,28000000,48800000,76500000
2018,BG,Bulgaria,CEPA9,Other environmental protection activities,3300000,0,3400000,3400000,6700000
2018,CH,Switzerland,CEPA9,Other environmental protection activities,,11400000,,11400000,11400000
2018,DE,Germany,CEPA9,Other environmental protection activities,45000000,,,0,45000000
2018,EL,Greece,CEPA9,Other environmental protection activities,0,0,4900000,4900000,4900000
2018,FI,Finland,CEPA9,Other environmental protection activities,17200000,0,10300000,10300000,27500000
2018,HR,Croatia,CEPA9,Other environmental protection activities,,,,0,0
2018,IE,Ireland,CEPA9,Other environmental protection activities,12000000,,100000,100000,12100000
2018,LT,Lithuania,CEPA9,Other environmental protection activities,6400000,0,100000,100000,6500000
2018,LV,Latvia,CEPA9,Other environmental protection activities,6200000,0,500000,500000,6700000
2018,MT,Malta,CEPA9,Other environmental protection activities,100000,0,0,0,100000
2018,NO,Norway,CEPA9,Other environmental protection activities,,,,0,0
2018,PL,Poland,CEPA9,Other environmental protection activities,175700000,1000000,66900000,67900000,243600000
2018,PT,Portugal,CEPA9,Other environmental protection activities,15400000,600000,1300000,1900000,17300000
2018,RO,Romania,CEPA9,Other environmental protection activities,7500000,0,33900000,33900000,41400000
2018,SE,Sweden,CEPA9,Other environmental protection activities,,,,0,0
2018,SI,Slovenia,CEPA9,Other environmental protection activities,2800000,0,31000000,31000000,33800000
2019,AT,Austria,CEPA1,Protection of ambient air and climate,2100000,10100000,142000000,152100000,154200000
2019,BE,Belgium,CEPA1,Protection of ambient air and climate,4600000,20400000,214800000,235200000,239800000
2019,BG,Bulgaria,CEPA1,Protection of ambient air and climate,100000,0,51300000,51300000,51400000
2019,CH,Switzerland,CEPA1,Protection of ambient air and climate,3600000,3300000,118800000,122100000,125700000
2019,DE,Germany,CEPA1,Protection of ambient air and climate,300900000,0,1269000000,1269000000,1569900000
2019,EL,Greece,CEPA1,Protection of ambient air and climate,0,0,5300000,5300000,5300000
2019,FI,Finland,CEPA1,Protection of ambient air and climate,0,0,87600000,87600000,87600000
2019,HR,Croatia,CEPA1,Protection of ambient air and climate,500000,0,,0,500000
2019,IE,Ireland,CEPA1,Protection of ambient air and climate,9200000,0,14700000,14700000,23900000
2019,LT,Lithuania,CEPA1,Protection of ambient air and climate,6500000,700000,35600000,36300000,42800000
2019,LV,Latvia,CEPA1,Protection of ambient air and climate,6300000,1500000,9600000,11100000,17400000
2019,MT,Malta,CEPA1,Protection of ambient air and climate,0,0,0,0,0
2019,NO,Norway,CEPA1,Protection of ambient air and climate,21800000,0,,0,21800000
2019,PL,Poland,CEPA1,Protection of ambient air and climate,36400000,4300000,829300000,833600000,870000000
2019,PT,Portugal,CEPA1,Protection of ambient air and climate,0,5800000,71900000,77700000,77700000
2019,RO,Romania,CEPA1,Protection of ambient air and climate,1700000,500000,112400000,112900000,114600000
2019,SE,Sweden,CEPA1,Protection of ambient air and climate,64100000,0,343000000,343000000,407100000
2019,SI,Slovenia,CEPA1,Protection of ambient air and climate,4100000,900000,47200000,48100000,52200000
2019,HR,Croatia,CEPA112_122,Protection of climate and ozone layer,0,,,0,0
2019,IE,Ireland,CEPA112_122,Protection of climate and ozone layer,9200000,,,0,9200000
2019,MT,Malta,CEPA112_122,Protection of climate and ozone layer,0,0,0,0,0
2019,AT,Austria,CEPA2,Wastewater management,17000000,530100000,49900000,580000000,597000000
2019,BE,Belgium,CEPA2,Wastewater management,135100000,93300000,292600000,385900000,521000000
2019,BG,Bulgaria,CEPA2,Wastewater management,56100000,400000,22600000,23000000,79100000
2019,CH,Switzerland,CEPA2,Wastewater management,529200000,191100000,75200000,266300000,795500000
2019,DE,Germany,CEPA2,Wastewater management,1440200000,5321800000,1023300000,6345100000,7785300000
2019,EL,Greece,CEPA2,Wastewater management,70000000,3400000,5500000,8900000,78900000
2019,FI,Finland,CEPA2,Wastewater management,0,122000000,62900000,184900000,184900000
2019,HR,Croatia,CEPA2,Wastewater management,27800000,20500000,,20500000,48300000
2019,IE,Ireland,CEPA2,Wastewater management,526400000,1400000,4700000,6100000,532500000
2019,LT,Lithuania,CEPA2,Wastewater management,2400000,63300000,7700000,71000000,73400000
2019,LV,Latvia,CEPA2,Wastewater management,1100000,30100000,2600000,32700000,33800000
2019,MT,Malta,CEPA2,Wastewater management,0,22300000,200000,22500000,22500000
2019,NO,Norway,CEPA2,Wastewater management,721500000,25500000,,25500000,747000000
2019,PL,Poland,CEPA2,Wastewater management,777700000,537800000,115300000,653100000,1430800000
2019,PT,Portugal,CEPA2,Wastewater management,72300000,96400000,38100000,134500000,206800000
2019,RO,Romania,CEPA2,Wastewater management,326500000,900000,39600000,40500000,367000000
2019,SE,Sweden,CEPA2,Wastewater management,443700000,159700000,131000000,290700000,734400000
2019,SI,Slovenia,CEPA2,Wastewater management,81700000,900000,43000000,43900000,125600000
2019,AT,Austria,CEPA3,Waste management,23000000,312800000,33000000,345800000,368800000
2019,BE,Belgium,CEPA3,Waste management,344000000,900500000,26900000,927400000,1271400000
2019,BG,Bulgaria,CEPA3,Waste management,41500000,13200000,29000000,42200000,83700000
2019,CH,Switzerland,CEPA3,Waste management,493000000,239200000,42800000,282000000,775000000
2019,DE,Germany,CEPA3,Waste management,142900000,2023100000,419100000,2442200000,2585100000
2019,EL,Greece,CEPA3,Waste management,239000000,38700000,2200000,40900000,279900000
2019,FI,Finland,CEPA3,Waste management,300000,159000000,26900000,185900000,186200000
2019,HR,Croatia,CEPA3,Waste management,45100000,30100000,,30100000,75200000
2019,IE,Ireland,CEPA3,Waste management,27200000,35000000,12100000,47100000,74300000
2019,LT,Lithuania,CEPA3,Waste management,6400000,17400000,900000,18300000,24700000
2019,LV,Latvia,CEPA3,Waste management,29300000,31600000,1400000,33000000,62300000
2019,MT,Malta,CEPA3,Waste management,17000000,6900000,4200000,11100000,28100000
2019,NO,Norway,CEPA3,Waste management,116900000,124900000,,124900000,241800000
2019,PL,Poland,CEPA3,Waste management,45500000,152100000,19000000,171100000,216600000
2019,PT,Portugal,CEPA3,Waste management,19600000,183700000,16000000,199700000,219300000
2019,RO,Romania,CEPA3,Waste management,105400000,58200000,14400000,72600000,178000000
2019,SE,Sweden,CEPA3,Waste management,785100000,268800000,76300000,345100000,1130200000
2019,SI,Slovenia,CEPA3,Waste management,9000000,10700000,59100000,69800000,78800000
2019,AT,Austria,CEPA4,"Protection and remediation of soil, groundwater and surface water",1900000,86000000,4200000,90200000,92100000
2019,BE,Belgium,CEPA4,"Protection and remediation of soil, groundwater and surface water",33000000,47000000,33800000,80800000,113800000
2019,BG,Bulgaria,CEPA4,"Protection and remediation of soil, groundwater and surface water",1700000,100000,4900000,5000000,6700000
2019,CH,Switzerland,CEPA4,"Protection and remediation of soil, groundwater and surface water",31000000,900000,,900000,31900000
2019,DE,Germany,CEPA4,"Protection and remediation of soil, groundwater and surface water",320600000,73000000,325300000,398300000,718900000
2019,EL,Greece,CEPA4,"Protection and remediation of soil, groundwater and surface water",0,400000,0,400000,400000
2019,FI,Finland,CEPA4,"Protection and remediation of soil, groundwater and surface water",800000,4000000,46600000,50600000,51400000
2019,HR,Croatia,CEPA4,"Protection and remediation of soil, groundwater and surface water",19700000,200000,,200000,19900000
2019,IE,Ireland,CEPA4,"Protection and remediation of soil, groundwater and surface water",2100000,0,3800000,3800000,5900000
2019,LT,Lithuania,CEPA4,"Protection and remediation of soil, groundwater and surface water",0,0,200000,200000,200000
2019,LV,Latvia,CEPA4,"Protection and remediation of soil, groundwater and surface water",0,1200000,800000,2000000,2000000
2019,MT,Malta,CEPA4,"Protection and remediation of soil, groundwater and surface water",0,0,0,0,0
2019,NO,Norway,CEPA4,"Protection and remediation of soil, groundwater and surface water",5800000,1200000,,1200000,7000000
2019,PL,Poland,CEPA4,"Protection and remediation of soil, groundwater and surface water",2000000,0,17800000,17800000,19800000
2019,PT,Portugal,CEPA4,"Protection and remediation of soil, groundwater and surface water",0,3000000,20000000,23000000,23000000
2019,RO,Romania,CEPA4,"Protection and remediation of soil, groundwater and surface water",1000000,3100000,46700000,49800000,50800000
2019,SE,Sweden,CEPA4,"Protection and remediation of soil, groundwater and surface water",0,3100000,47600000,50700000,50700000
2019,SI,Slovenia,CEPA4,"Protection and remediation of soil, groundwater and surface water",1600000,0,9600000,9600000,11200000
2019,AT,Austria,CEPA5,Noise and vibration abatement (excluding workplace protection),100000,2900000,0,2900000,3000000
2019,BE,Belgium,CEPA5,Noise and vibration abatement (excluding workplace protection),1200000,36900000,24000000,60900000,62100000
2019,BG,Bulgaria,CEPA5,Noise and vibration abatement (excluding workplace protection),0,0,0,0,0
2019,CH,Switzerland,CEPA5,Noise and vibration abatement (excluding workplace protection),21400000,0,,0,21400000
2019,DE,Germany,CEPA5,Noise and vibration abatement (excluding workplace protection),426300000,0,96000000,96000000,522300000
2019,EL,Greece,CEPA5,Noise and vibration abatement (excluding workplace protection),0,0,0,0,0
2019,FI,Finland,CEPA5,Noise and vibration abatement (excluding workplace protection),8500000,0,2300000,2300000,10800000
2019,HR,Croatia,CEPA5,Noise and vibration abatement (excluding workplace protection),0,0,,0,0
2019,IE,Ireland,CEPA5,Noise and vibration abatement (excluding workplace protection),0,0,0,0,0
2019,LT,Lithuania,CEPA5,Noise and vibration abatement (excluding workplace protection),0,0,300000,300000,300000
2019,LV,Latvia,CEPA5,Noise and vibration abatement (excluding workplace protection),0,0,0,0,0
2019,MT,Malta,CEPA5,Noise and vibration abatement (excluding workplace protection),0,0,0,0,0
2019,NO,Norway,CEPA5,Noise and vibration abatement (excluding workplace protection),11500000,0,,0,11500000
2019,PL,Poland,CEPA5,Noise and vibration abatement (excluding workplace protection),7100000,0,11800000,11800000,18900000
2019,PT,Portugal,CEPA5,Noise and vibration abatement (excluding workplace protection),0,3500000,2900000,6400000,6400000
2019,RO,Romania,CEPA5,Noise and vibration abatement (excluding workplace protection),1100000,0,800000,800000,1900000
2019,SE,Sweden,CEPA5,Noise and vibration abatement (excluding workplace protection),0,0,16100000,16100000,16100000
2019,SI,Slovenia,CEPA5,Noise and vibration abatement (excluding workplace protection),100000,0,4300000,4300000,4400000
2019,AT,Austria,CEPA6,Protection of biodiversity and landscapes,2900000,1700000,19700000,21400000,24300000
2019,BE,Belgium,CEPA6,Protection of biodiversity and landscapes,83300000,9400000,2000000,11400000,94700000
2019,BG,Bulgaria,CEPA6,Protection of biodiversity and landscapes,400000,0,300000,300000,700000
2019,CH,Switzerland,CEPA6,Protection of biodiversity and landscapes,35200000,6700000,,6700000,41900000
2019,DE,Germany,CEPA6,Protection of biodiversity and landscapes,172000000,0,48600000,48600000,220600000
2019,EL,Greece,CEPA6,Protection of biodiversity and landscapes,1000000,0,0,0,1000000
2019,FI,Finland,CEPA6,Protection of biodiversity and landscapes,10000000,0,3000000,3000000,13000000
2019,HR,Croatia,CEPA6,Protection of biodiversity and landscapes,1200000,0,,0,1200000
2019,IE,Ireland,CEPA6,Protection of biodiversity and landscapes,4500000,0,6900000,6900000,11400000
2019,LT,Lithuania,CEPA6,Protection of biodiversity and landscapes,14700000,200000,0,200000,14900000
2019,LV,Latvia,CEPA6,Protection of biodiversity and landscapes,1200000,0,0,0,1200000
2019,MT,Malta,CEPA6,Protection of biodiversity and landscapes,1200000,0,0,0,1200000
2019,NO,Norway,CEPA6,Protection of biodiversity and landscapes,77300000,0,,0,77300000
2019,PL,Poland,CEPA6,Protection of biodiversity and landscapes,18300000,0,2000000,2000000,20300000
2019,PT,Portugal,CEPA6,Protection of biodiversity and landscapes,12300000,1800000,15800000,17600000,29900000
2019,RO,Romania,CEPA6,Protection of biodiversity and landscapes,0,0,1000000,1000000,1000000
2019,SE,Sweden,CEPA6,Protection of biodiversity and landscapes,20100000,0,4000000,4000000,24100000
2019,SI,Slovenia,CEPA6,Protection of biodiversity and landscapes,2800000,0,5800000,5800000,8600000
2019,AT,Austria,CEPA7,Protection against radiation (excluding external safety),100000,100000,0,100000,200000
2019,BE,Belgium,CEPA7,Protection against radiation (excluding external safety),200000,26800000,0,26800000,27000000
2019,BG,Bulgaria,CEPA7,Protection against radiation (excluding external safety),0,0,0,0,0
2019,CH,Switzerland,CEPA7,Protection against radiation (excluding external safety),,0,,0,0
2019,DE,Germany,CEPA7,Protection against radiation (excluding external safety),4200000,,,0,4200000
2019,EL,Greece,CEPA7,Protection against radiation (excluding external safety),0,0,0,0,0
2019,FI,Finland,CEPA7,Protection against radiation (excluding external safety),1600000,0,,0,1600000
2019,HR,Croatia,CEPA7,Protection against radiation (excluding external safety),,,,0,0
2019,IE,Ireland,CEPA7,Protection against radiation (excluding external safety),0,,0,0,0
2019,LT,Lithuania,CEPA7,Protection against radiation (excluding external safety),19900000,0,0,0,19900000
2019,LV,Latvia,CEPA7,Protection against radiation (excluding external safety),0,,0,0,0
2019,MT,Malta,CEPA7,Protection against radiation (excluding external safety),0,0,0,0,0
2019,NO,Norway,CEPA7,Protection against radiation (excluding external safety),,,,0,0
2019,PL,Poland,CEPA7,Protection against radiation (excluding external safety),0,0,0,0,0
2019,PT,Portugal,CEPA7,Protection against radiation (excluding external safety),0,0,0,0,0
2019,RO,Romania,CEPA7,Protection against radiation (excluding external safety),500000,0,100000,100000,600000
2019,SE,Sweden,CEPA7,Protection against radiation (excluding external safety),,,,0,0
2019,SI,Slovenia,CEPA7,Protection against radiation (excluding external safety),,,,0,0
2019,AT,Austria,CEPA7-9,Protection against radiation; environmental research and development; other environmental protection activities,42300000,131400000,47700000,179100000,221400000
2019,BE,Belgium,CEPA7-9,Protection against radiation; environmental research and development; other environmental protection activities,47400000,54700000,84400000,139100000,186500000
2019,BG,Bulgaria,CEPA7-9,Protection against radiation; environmental research and development; other environmental protection activities,4000000,200000,6700000,6900000,10900000
2019,CH,Switzerland,CEPA7-9,Protection against radiation; environmental research and development; other environmental protection activities,55400000,19300000,,19300000,74700000
2019,DE,Germany,CEPA7-9,Protection against radiation; environmental research and development; other environmental protection activities,480200000,0,0,0,480200000
2019,EL,Greece,CEPA7-9,Protection against radiation; environmental research and development; other environmental protection activities,0,0,2300000,2300000,2300000
2019,FI,Finland,CEPA7-9,Protection against radiation; environmental research and development; other environmental protection activities,8900000,0,600000,600000,9500000
2019,HR,Croatia,CEPA7-9,Protection against radiation; environmental research and development; other environmental protection activities,400000,0,,0,400000
2019,IE,Ireland,CEPA7-9,Protection against radiation; environmental research and development; other environmental protection activities,10800000,0,0,0,10800000
2019,LT,Lithuania,CEPA7-9,Protection against radiation; environmental research and development; other environmental protection activities,38100000,0,100000,100000,38200000
2019,LV,Latvia,CEPA7-9,Protection against radiation; environmental research and development; other environmental protection activities,4100000,0,0,0,4100000
2019,MT,Malta,CEPA7-9,Protection against radiation; environmental research and development; other environmental protection activities,600000,0,0,0,600000
2019,NO,Norway,CEPA7-9,Protection against radiation; environmental research and development; other environmental protection activities,11800000,0,,0,11800000
2019,PL,Poland,CEPA7-9,Protection against radiation; environmental research and development; other environmental protection activities,172700000,2800000,101200000,104000000,276700000
2019,PT,Portugal,CEPA7-9,Protection against radiation; environmental research and development; other environmental protection activities,79600000,18100000,2500000,20600000,100200000
2019,RO,Romania,CEPA7-9,Protection against radiation; environmental research and development; other environmental protection activities,7300000,0,12800000,12800000,20100000
2019,SE,Sweden,CEPA7-9,Protection against radiation; environmental research and development; other environmental protection activities,39700000,0,72500000,72500000,112200000
2019,SI,Slovenia,CEPA7-9,Protection against radiation; environmental research and development; other environmental protection activities,17400000,0,6000000,6000000,23400000
2019,AT,Austria,CEPA8,Environmental research and development,37400000,30500000,0,30500000,67900000
2019,BE,Belgium,CEPA8,Environmental research and development,4100000,3200000,55500000,58700000,62800000
2019,BG,Bulgaria,CEPA8,Environmental research and development,3300000,0,700000,700000,4000000
2019,CH,Switzerland,CEPA8,Environmental research and development,,9700000,,9700000,9700000
2019,DE,Germany,CEPA8,Environmental research and development,433000000,,,0,433000000
2019,EL,Greece,CEPA8,Environmental research and development,0,0,0,0,0
2019,FI,Finland,CEPA8,Environmental research and development,0,0,,0,0
2019,HR,Croatia,CEPA8,Environmental research and development,,,,0,0
2019,IE,Ireland,CEPA8,Environmental research and development,2600000,,0,0,2600000
2019,LT,Lithuania,CEPA8,Environmental research and development,0,0,100000,100000,100000
2019,LV,Latvia,CEPA8,Environmental research and development,0,,0,0,0
2019,MT,Malta,CEPA8,Environmental research and development,0,0,0,0,0
2019,NO,Norway,CEPA8,Environmental research and development,,,,0,0
2019,PL,Poland,CEPA8,Environmental research and development,1400000,0,800000,800000,2200000
2019,PT,Portugal,CEPA8,Environmental research and development,60100000,17500000,900000,18400000,78500000
2019,RO,Romania,CEPA8,Environmental research and development,0,0,0,0,0
2019,SE,Sweden,CEPA8,Environmental research and development,,,,0,0
2019,SI,Slovenia,CEPA8,Environmental research and development,,,,0,0
2019,AT,Austria,CEPA9,Other environmental protection activities,4800000,100900000,48000000,148900000,153700000
2019,BE,Belgium,CEPA9,Other environmental protection activities,43000000,24700000,28900000,53600000,96600000
2019,BG,Bulgaria,CEPA9,Other environmental protection activities,800000,200000,5900000,6100000,6900000
2019,CH,Switzerland,CEPA9,Other environmental protection activities,,9600000,,9600000,9600000
2019,DE,Germany,CEPA9,Other environmental protection activities,43000000,,,0,43000000
2019,EL,Greece,CEPA9,Other environmental protection activities,0,0,2300000,2300000,2300000
2019,FI,Finland,CEPA9,Other environmental protection activities,7300000,0,500000,500000,7800000
2019,HR,Croatia,CEPA9,Other environmental protection activities,,,,0,0
2019,IE,Ireland,CEPA9,Other environmental protection activities,8200000,,0,0,8200000
2019,LT,Lithuania,CEPA9,Other environmental protection activities,18300000,0,0,0,18300000
2019,LV,Latvia,CEPA9,Other environmental protection activities,4100000,0,0,0,4100000
2019,MT,Malta,CEPA9,Other environmental protection activities,600000,0,0,0,600000
2019,NO,Norway,CEPA9,Other environmental protection activities,,,,0,0
2019,PL,Poland,CEPA9,Other environmental protection activities,171300000,2800000,100300000,103100000,274400000
2019,PT,Portugal,CEPA9,Other environmental protection activities,19400000,600000,1700000,2300000,21700000
2019,RO,Romania,CEPA9,Other environmental protection activities,6800000,0,12700000,12700000,19500000
2019,SE,Sweden,CEPA9,Other environmental protection activities,,,,0,0
2019,SI,Slovenia,CEPA9,Other environmental protection activities,,,,0,0
2020,AT,Austria,CEPA1,Protection of ambient air and climate,2200000,12500000,,12500000,14700000
2020,BE,Belgium,CEPA1,Protection of ambient air and climate,5000000,24900000,203100000,228000000,233000000
2020,BG,Bulgaria,CEPA1,Protection of ambient air and climate,200000,300000,104600000,104900000,105100000
2020,CH,Switzerland,CEPA1,Protection of ambient air and climate,4100000,6300000,201200000,207500000,211600000
2020,DE,Germany,CEPA1,Protection of ambient air and climate,322900000,0,1241900000,1241900000,1564800000
2020,EL,Greece,CEPA1,Protection of ambient air and climate,0,0,3800000,3800000,3800000
2020,FI,Finland,CEPA1,Protection of ambient air and climate,100000,0,81300000,81300000,81400000
2020,HR,Croatia,CEPA1,Protection of ambient air and climate,700000,100000,,100000,800000
2020,IE,Ireland,CEPA1,Protection of ambient air and climate,15800000,0,,0,15800000
2020,LT,Lithuania,CEPA1,Protection of ambient air and climate,3700000,5700000,16800000,22500000,26200000
2020,LV,Latvia,CEPA1,Protection of ambient air and climate,6900000,1800000,19500000,21300000,28200000
2020,MT,Malta,CEPA1,Protection of ambient air and climate,0,0,0,0,0
2020,NO,Norway,CEPA1,Protection of ambient air and climate,22100000,0,,0,22100000
2020,PL,Poland,CEPA1,Protection of ambient air and climate,52500000,2300000,761100000,763400000,815900000
2020,PT,Portugal,CEPA1,Protection of ambient air and climate,0,9300000,,9300000,9300000
2020,RO,Romania,CEPA1,Protection of ambient air and climate,5400000,0,82600000,82600000,88000000
2020,SE,Sweden,CEPA1,Protection of ambient air and climate,83100000,0,271600000,271600000,354700000
2020,SI,Slovenia,CEPA1,Protection of ambient air and climate,8600000,0,195900000,195900000,204500000
2020,HR,Croatia,CEPA112_122,Protection of climate and ozone layer,,,,0,0
2020,IE,Ireland,CEPA112_122,Protection of climate and ozone layer,15800000,,,0,15800000
2020,MT,Malta,CEPA112_122,Protection of climate and ozone layer,0,0,0,0,0
2020,AT,Austria,CEPA2,Wastewater management,7900000,473600000,,473600000,481500000
2020,BE,Belgium,CEPA2,Wastewater management,141400000,89300000,295700000,385000000,526400000
2020,BG,Bulgaria,CEPA2,Wastewater management,85600000,400000,24600000,25000000,110600000
2020,CH,Switzerland,CEPA2,Wastewater management,571100000,216700000,83800000,300500000,871600000
2020,DE,Germany,CEPA2,Wastewater management,1521000000,5657000000,1038600000,6695600000,8216600000
2020,EL,Greece,CEPA2,Wastewater management,77000000,4000000,2200000,6200000,83200000
2020,FI,Finland,CEPA2,Wastewater management,0,133000000,89000000,222000000,222000000
2020,HR,Croatia,CEPA2,Wastewater management,38200000,22600000,,22600000,60800000
2020,IE,Ireland,CEPA2,Wastewater management,540100000,1400000,,1400000,541500000
2020,LT,Lithuania,CEPA2,Wastewater management,2500000,77400000,23300000,100700000,103200000
2020,LV,Latvia,CEPA2,Wastewater management,2700000,34800000,1300000,36100000,38800000
2020,MT,Malta,CEPA2,Wastewater management,0,20800000,200000,21000000,21000000
2020,NO,Norway,CEPA2,Wastewater management,659000000,36900000,,36900000,695900000
2020,PL,Poland,CEPA2,Wastewater management,693200000,505900000,102900000,608800000,1302000000
2020,PT,Portugal,CEPA2,Wastewater management,72300000,127500000,,127500000,199800000
2020,RO,Romania,CEPA2,Wastewater management,323500000,1400000,43200000,44600000,368100000
2020,SE,Sweden,CEPA2,Wastewater management,508900000,112400000,193200000,305600000,814500000
2020,SI,Slovenia,CEPA2,Wastewater management,76400000,1300000,52100000,53400000,129800000
2020,AT,Austria,CEPA3,Waste management,25300000,303200000,,303200000,328500000
2020,BE,Belgium,CEPA3,Waste management,241200000,815700000,25100000,840800000,1082000000
2020,BG,Bulgaria,CEPA3,Waste management,69200000,10200000,11800000,22000000,91200000
2020,CH,Switzerland,CEPA3,Waste management,504700000,262300000,61700000,324000000,828700000
2020,DE,Germany,CEPA3,Waste management,138900000,2245100000,352500000,2597600000,2736500000
2020,EL,Greece,CEPA3,Waste management,272000000,29400000,1100000,30500000,302500000
2020,FI,Finland,CEPA3,Waste management,300000,167000000,12000000,179000000,179300000
2020,HR,Croatia,CEPA3,Waste management,61400000,26400000,,26400000,87800000
2020,IE,Ireland,CEPA3,Waste management,20100000,35000000,,35000000,55100000
2020,LT,Lithuania,CEPA3,Waste management,3900000,16700000,700000,17400000,21300000
2020,LV,Latvia,CEPA3,Waste management,10600000,28700000,200000,28900000,39500000
2020,MT,Malta,CEPA3,Waste management,24200000,6100000,4500000,10600000,34800000
2020,NO,Norway,CEPA3,Waste management,81400000,107200000,,107200000,188600000
2020,PL,Poland,CEPA3,Waste management,56700000,120900000,22900000,143800000,200500000
2020,PT,Portugal,CEPA3,Waste management,25500000,199500000,,199500000,225000000
2020,RO,Romania,CEPA3,Waste management,60600000,71200000,15500000,86700000,147300000
2020,SE,Sweden,CEPA3,Waste management,1026700000,198200000,256800000,455000000,1481700000
2020,SI,Slovenia,CEPA3,Waste management,9500000,10900000,69000000,79900000,89400000
2020,AT,Austria,CEPA4,"Protection and remediation of soil, groundwater and surface water",2000000,99900000,,99900000,101900000
2020,BE,Belgium,CEPA4,"Protection and remediation of soil, groundwater and surface water",45200000,44800000,32700000,77500000,122700000
2020,BG,Bulgaria,CEPA4,"Protection and remediation of soil, groundwater and surface water",6600000,0,4400000,4400000,11000000
2020,CH,Switzerland,CEPA4,"Protection and remediation of soil, groundwater and surface water",36800000,1400000,38500000,39900000,76700000
2020,DE,Germany,CEPA4,"Protection and remediation of soil, groundwater and surface water",344100000,73000000,270500000,343500000,687600000
2020,EL,Greece,CEPA4,"Protection and remediation of soil, groundwater and surface water",0,900000,0,900000,900000
2020,FI,Finland,CEPA4,"Protection and remediation of soil, groundwater and surface water",1900000,2000000,35600000,37600000,39500000
2020,HR,Croatia,CEPA4,"Protection and remediation of soil, groundwater and surface water",20800000,200000,,200000,21000000
2020,IE,Ireland,CEPA4,"Protection and remediation of soil, groundwater and surface water",600000,0,,0,600000
2020,LT,Lithuania,CEPA4,"Protection and remediation of soil, groundwater and surface water",0,0,100000,100000,100000
2020,LV,Latvia,CEPA4,"Protection and remediation of soil, groundwater and surface water",0,1100000,600000,1700000,1700000
2020,MT,Malta,CEPA4,"Protection and remediation of soil, groundwater and surface water",0,0,0,0,0
2020,NO,Norway,CEPA4,"Protection and remediation of soil, groundwater and surface water",3700000,2600000,,2600000,6300000
2020,PL,Poland,CEPA4,"Protection and remediation of soil, groundwater and surface water",7000000,0,35000000,35000000,42000000
2020,PT,Portugal,CEPA4,"Protection and remediation of soil, groundwater and surface water",0,24100000,,24100000,24100000
2020,RO,Romania,CEPA4,"Protection and remediation of soil, groundwater and surface water",600000,500000,44200000,44700000,45300000
2020,SE,Sweden,CEPA4,"Protection and remediation of soil, groundwater and surface water",100000,4400000,46900000,51300000,51400000
2020,SI,Slovenia,CEPA4,"Protection and remediation of soil, groundwater and surface water",4600000,0,6200000,6200000,10800000
2020,AT,Austria,CEPA5,Noise and vibration abatement (excluding workplace protection),100000,4100000,,4100000,4200000
2020,BE,Belgium,CEPA5,Noise and vibration abatement (excluding workplace protection),1200000,37300000,22900000,60200000,61400000
2020,BG,Bulgaria,CEPA5,Noise and vibration abatement (excluding workplace protection),100000,0,0,0,100000
2020,CH,Switzerland,CEPA5,Noise and vibration abatement (excluding workplace protection),24400000,0,67300000,67300000,91700000
2020,DE,Germany,CEPA5,Noise and vibration abatement (excluding workplace protection),457500000,0,81300000,81300000,538800000
2020,EL,Greece,CEPA5,Noise and vibration abatement (excluding workplace protection),0,0,0,0,0
2020,FI,Finland,CEPA5,Noise and vibration abatement (excluding workplace protection),11200000,0,300000,300000,11500000
2020,HR,Croatia,CEPA5,Noise and vibration abatement (excluding workplace protection),0,0,,0,0
2020,IE,Ireland,CEPA5,Noise and vibration abatement (excluding workplace protection),0,0,,0,0
2020,LT,Lithuania,CEPA5,Noise and vibration abatement (excluding workplace protection),0,0,22700000,22700000,22700000
2020,LV,Latvia,CEPA5,Noise and vibration abatement (excluding workplace protection),0,0,0,0,0
2020,MT,Malta,CEPA5,Noise and vibration abatement (excluding workplace protection),0,0,0,0,0
2020,NO,Norway,CEPA5,Noise and vibration abatement (excluding workplace protection),11100000,0,,0,11100000
2020,PL,Poland,CEPA5,Noise and vibration abatement (excluding workplace protection),12500000,0,11600000,11600000,24100000
2020,PT,Portugal,CEPA5,Noise and vibration abatement (excluding workplace protection),0,3800000,,3800000,3800000
2020,RO,Romania,CEPA5,Noise and vibration abatement (excluding workplace protection),800000,0,1800000,1800000,2600000
2020,SE,Sweden,CEPA5,Noise and vibration abatement (excluding workplace protection),0,0,28500000,28500000,28500000
2020,SI,Slovenia,CEPA5,Noise and vibration abatement (excluding workplace protection),1000000,0,4900000,4900000,5900000
2020,AT,Austria,CEPA6,Protection of biodiversity and landscapes,3100000,2200000,,2200000,5300000
2020,BE,Belgium,CEPA6,Protection of biodiversity and landscapes,84300000,8700000,2200000,10900000,95200000
2020,BG,Bulgaria,CEPA6,Protection of biodiversity and landscapes,1900000,0,1100000,1100000,3000000
2020,CH,Switzerland,CEPA6,Protection of biodiversity and landscapes,48100000,9000000,49900000,58900000,107000000
2020,DE,Germany,CEPA6,Protection of biodiversity and landscapes,190000000,0,84000000,84000000,274000000
2020,EL,Greece,CEPA6,Protection of biodiversity and landscapes,0,0,0,0,0
2020,FI,Finland,CEPA6,Protection of biodiversity and landscapes,12600000,0,2500000,2500000,15100000
2020,HR,Croatia,CEPA6,Protection of biodiversity and landscapes,1200000,0,,0,1200000
2020,IE,Ireland,CEPA6,Protection of biodiversity and landscapes,2300000,0,,0,2300000
2020,LT,Lithuania,CEPA6,Protection of biodiversity and landscapes,8600000,500000,0,500000,9100000
2020,LV,Latvia,CEPA6,Protection of biodiversity and landscapes,500000,0,0,0,500000
2020,MT,Malta,CEPA6,Protection of biodiversity and landscapes,1000000,0,0,0,1000000
2020,NO,Norway,CEPA6,Protection of biodiversity and landscapes,78500000,0,,0,78500000
2020,PL,Poland,CEPA6,Protection of biodiversity and landscapes,63700000,0,2500000,2500000,66200000
2020,PT,Portugal,CEPA6,Protection of biodiversity and landscapes,6700000,39300000,,39300000,46000000
2020,RO,Romania,CEPA6,Protection of biodiversity and landscapes,0,0,1100000,1100000,1100000
2020,SE,Sweden,CEPA6,Protection of biodiversity and landscapes,14600000,0,3000000,3000000,17600000
2020,SI,Slovenia,CEPA6,Protection of biodiversity and landscapes,3600000,0,9500000,9500000,13100000
2020,AT,Austria,CEPA7,Protection against radiation (excluding external safety),200000,100000,,100000,300000
2020,BE,Belgium,CEPA7,Protection against radiation (excluding external safety),100000,23100000,0,23100000,23200000
2020,BG,Bulgaria,CEPA7,Protection against radiation (excluding external safety),0,0,0,0,0
2020,CH,Switzerland,CEPA7,Protection against radiation (excluding external safety),5400000,0,28800000,28800000,34200000
2020,DE,Germany,CEPA7,Protection against radiation (excluding external safety),4500000,0,,0,4500000
2020,EL,Greece,CEPA7,Protection against radiation (excluding external safety),0,0,0,0,0
2020,FI,Finland,CEPA7,Protection against radiation (excluding external safety),1100000,0,,0,1100000
2020,HR,Croatia,CEPA7,Protection against radiation (excluding external safety),,,,0,0
2020,IE,Ireland,CEPA7,Protection against radiation (excluding external safety),0,,,0,0
2020,LT,Lithuania,CEPA7,Protection against radiation (excluding external safety),14900000,1300000,100000,1400000,16300000
2020,LV,Latvia,CEPA7,Protection against radiation (excluding external safety),0,,,0,0
2020,MT,Malta,CEPA7,Protection against radiation (excluding external safety),0,0,0,0,0
2020,NO,Norway,CEPA7,Protection against radiation (excluding external safety),,,,0,0
2020,PL,Poland,CEPA7,Protection against radiation (excluding external safety),0,0,0,0,0
2020,PT,Portugal,CEPA7,Protection against radiation (excluding external safety),0,0,,0,0
2020,RO,Romania,CEPA7,Protection against radiation (excluding external safety),400000,0,0,0,400000
2020,SE,Sweden,CEPA7,Protection against radiation (excluding external safety),,,,0,0
2020,SI,Slovenia,CEPA7,Protection against radiation (excluding external safety),,,,0,0
2020,AT,Austria,CEPA7-9,Protection against radiation; environmental research and development; other environmental protection activities,41500000,152600000,,152600000,194100000
2020,BE,Belgium,CEPA7-9,Protection against radiation; environmental research and development; other environmental protection activities,47900000,49100000,87300000,136400000,184300000
2020,BG,Bulgaria,CEPA7-9,Protection against radiation; environmental research and development; other environmental protection activities,4400000,600000,10500000,11100000,15500000
2020,CH,Switzerland,CEPA7-9,Protection against radiation; environmental research and development; other environmental protection activities,62500000,37500000,38500000,76000000,138500000
2020,DE,Germany,CEPA7-9,Protection against radiation; environmental research and development; other environmental protection activities,513500000,0,0,0,513500000
2020,EL,Greece,CEPA7-9,Protection against radiation; environmental research and development; other environmental protection activities,0,0,2300000,2300000,2300000
2020,FI,Finland,CEPA7-9,Protection against radiation; environmental research and development; other environmental protection activities,12700000,0,2500000,2500000,15200000
2020,HR,Croatia,CEPA7-9,Protection against radiation; environmental research and development; other environmental protection activities,500000,0,,0,500000
2020,IE,Ireland,CEPA7-9,Protection against radiation; environmental research and development; other environmental protection activities,7800000,0,,0,7800000
2020,LT,Lithuania,CEPA7-9,Protection against radiation; environmental research and development; other environmental protection activities,23000000,1300000,100000,1400000,24400000
2020,LV,Latvia,CEPA7-9,Protection against radiation; environmental research and development; other environmental protection activities,6100000,0,100000,100000,6200000
2020,MT,Malta,CEPA7-9,Protection against radiation; environmental research and development; other environmental protection activities,200000,0,0,0,200000
2020,NO,Norway,CEPA7-9,Protection against radiation; environmental research and development; other environmental protection activities,12300000,0,,0,12300000
2020,PL,Poland,CEPA7-9,Protection against radiation; environmental research and development; other environmental protection activities,179500000,1800000,94000000,95800000,275300000
2020,PT,Portugal,CEPA7-9,Protection against radiation; environmental research and development; other environmental protection activities,92500000,18800000,,18800000,111300000
2020,RO,Romania,CEPA7-9,Protection against radiation; environmental research and development; other environmental protection activities,10100000,0,8000000,8000000,18100000
2020,SE,Sweden,CEPA7-9,Protection against radiation; environmental research and development; other environmental protection activities,50600000,0,68900000,68900000,119500000
2020,SI,Slovenia,CEPA7-9,Protection against radiation; environmental research and development; other environmental protection activities,15500000,0,6900000,6900000,22400000
2020,AT,Austria,CEPA8,Environmental research and development,39400000,59400000,,59400000,98800000
2020,BE,Belgium,CEPA8,Environmental research and development,3100000,2800000,58100000,60900000,64000000
2020,BG,Bulgaria,CEPA8,Environmental research and development,2800000,0,1900000,1900000,4700000
2020,CH,Switzerland,CEPA8,Environmental research and development,18800000,21900000,9600000,31500000,50300000
2020,DE,Germany,CEPA8,Environmental research and development,456000000,0,,0,456000000
2020,EL,Greece,CEPA8,Environmental research and development,0,0,0,0,0
2020,FI,Finland,CEPA8,Environmental research and development,0,0,,0,0
2020,HR,Croatia,CEPA8,Environmental research and development,,,,0,0
2020,IE,Ireland,CEPA8,Environmental research and development,0,,,0,0
2020,LT,Lithuania,CEPA8,Environmental research and development,0,0,0,0,0
2020,LV,Latvia,CEPA8,Environmental research and development,0,,,0,0
2020,MT,Malta,CEPA8,Environmental research and development,0,0,0,0,0
2020,NO,Norway,CEPA8,Environmental research and development,,,,0,0
2020,PL,Poland,CEPA8,Environmental research and development,0,0,1200000,1200000,1200000
2020,PT,Portugal,CEPA8,Environmental research and development,68900000,18200000,,18200000,87100000
2020,RO,Romania,CEPA8,Environmental research and development,0,0,0,0,0
2020,SE,Sweden,CEPA8,Environmental research and development,,,,0,0
2020,SI,Slovenia,CEPA8,Environmental research and development,,,,0,0
2020,AT,Austria,CEPA9,Other environmental protection activities,1900000,93100000,,93100000,95000000
2020,BE,Belgium,CEPA9,Other environmental protection activities,44700000,23200000,29100000,52300000,97000000
2020,BG,Bulgaria,CEPA9,Other environmental protection activities,1600000,600000,8600000,9200000,10800000
2020,CH,Switzerland,CEPA9,Other environmental protection activities,38300000,15500000,0,15500000,53800000
2020,DE,Germany,CEPA9,Other environmental protection activities,53000000,0,,0,53000000
2020,EL,Greece,CEPA9,Other environmental protection activities,0,0,2300000,2300000,2300000
2020,FI,Finland,CEPA9,Other environmental protection activities,11600000,0,2200000,2200000,13800000
2020,HR,Croatia,CEPA9,Other environmental protection activities,,,,0,0
2020,IE,Ireland,CEPA9,Other environmental protection activities,7800000,,,0,7800000
2020,LT,Lithuania,CEPA9,Other environmental protection activities,8100000,0,0,0,8100000
2020,LV,Latvia,CEPA9,Other environmental protection activities,6100000,,100000,100000,6200000
2020,MT,Malta,CEPA9,Other environmental protection activities,200000,0,0,0,200000
2020,NO,Norway,CEPA9,Other environmental protection activities,,,,0,0
2020,PL,Poland,CEPA9,Other environmental protection activities,179500000,1800000,92900000,94700000,274200000
2020,PT,Portugal,CEPA9,Other environmental protection activities,23500000,600000,,600000,24100000
2020,RO,Romania,CEPA9,Other environmental protection activities,9700000,0,8000000,8000000,17700000
2020,SE,Sweden,CEPA9,Other environmental protection activities,,,,0,0
2020,SI,Slovenia,CEPA9,Other environmental protection activities,,,,0,0
2021,AT,Austria,CEPA1,Protection of ambient air and climate,1700000,16300000,,16300000,18000000
2021,BE,Belgium,CEPA1,Protection of ambient air and climate,63300000,28200000,237800000,266000000,329300000
2021,BG,Bulgaria,CEPA1,Protection of ambient air and climate,200000,0,150900000,150900000,151100000
2021,CH,Switzerland,CEPA1,Protection of ambient air and climate,3900000,7200000,202800000,210000000,213900000
2021,DE,Germany,CEPA1,Protection of ambient air and climate,40900000,0,1404700000,1404700000,1445600000
2021,EL,Greece,CEPA1,Protection of ambient air and climate,0,0,6900000,6900000,6900000
2021,FI,Finland,CEPA1,Protection of ambient air and climate,400000,0,125200000,125200000,125600000
2021,HR,Croatia,CEPA1,Protection of ambient air and climate,700000,0,,0,700000
2021,IE,Ireland,CEPA1,Protection of ambient air and climate,20900000,0,,0,20900000
2021,LT,Lithuania,CEPA1,Protection of ambient air and climate,2400000,11200000,18100000,29300000,31700000
2021,LV,Latvia,CEPA1,Protection of ambient air and climate,10300000,800000,34200000,35000000,45300000
2021,MT,Malta,CEPA1,Protection of ambient air and climate,0,0,0,0,0
2021,NO,Norway,CEPA1,Protection of ambient air and climate,21100000,0,,0,21100000
2021,PL,Poland,CEPA1,Protection of ambient air and climate,57300000,4800000,871400000,876200000,933500000
2021,PT,Portugal,CEPA1,Protection of ambient air and climate,0,12900000,,12900000,12900000
2021,RO,Romania,CEPA1,Protection of ambient air and climate,11500000,0,46200000,46200000,57700000
2021,SE,Sweden,CEPA1,Protection of ambient air and climate,47500000,0,476000000,476000000,523500000
2021,SI,Slovenia,CEPA1,Protection of ambient air and climate,24900000,0,117900000,117900000,142800000
2021,HR,Croatia,CEPA112_122,Protection of climate and ozone layer,,,,0,0
2021,IE,Ireland,CEPA112_122,Protection of climate and ozone layer,20900000,,,0,20900000
2021,MT,Malta,CEPA112_122,Protection of climate and ozone layer,0,0,0,0,0
2021,AT,Austria,CEPA2,Wastewater management,3000000,513400000,,513400000,516400000
2021,BE,Belgium,CEPA2,Wastewater management,167500000,80500000,326000000,406500000,574000000
2021,BG,Bulgaria,CEPA2,Wastewater management,48200000,8000000,31600000,39600000,87800000
2021,CH,Switzerland,CEPA2,Wastewater management,557900000,219400000,84000000,303400000,861300000
2021,DE,Germany,CEPA2,Wastewater management,1799000000,5021000000,1144500000,6165500000,7964500000
2021,EL,Greece,CEPA2,Wastewater management,73000000,2200000,3400000,5600000,78600000
2021,FI,Finland,CEPA2,Wastewater management,0,135000000,73400000,208400000,208400000
2021,HR,Croatia,CEPA2,Wastewater management,39400000,25500000,,25500000,64900000
2021,IE,Ireland,CEPA2,Wastewater management,499000000,3000000,,3000000,502000000
2021,LT,Lithuania,CEPA2,Wastewater management,1900000,62100000,28200000,90300000,92200000
2021,LV,Latvia,CEPA2,Wastewater management,1900000,48900000,2200000,51100000,53000000
2021,MT,Malta,CEPA2,Wastewater management,0,22700000,200000,22900000,22900000
2021,NO,Norway,CEPA2,Wastewater management,655100000,14500000,,14500000,669600000
2021,PL,Poland,CEPA2,Wastewater management,660000000,514700000,163300000,678000000,1338000000
2021,PT,Portugal,CEPA2,Wastewater management,78000000,147200000,,147200000,225200000
2021,RO,Romania,CEPA2,Wastewater management,345700000,1100000,67900000,69000000,414700000
2021,SE,Sweden,CEPA2,Wastewater management,395500000,142600000,161100000,303700000,699200000
2021,SI,Slovenia,CEPA2,Wastewater management,90400000,1800000,35300000,37100000,127500000
2021,AT,Austria,CEPA3,Waste management,18100000,407400000,,407400000,425500000
2021,BE,Belgium,CEPA3,Waste management,181100000,703500000,28500000,732000000,913100000
2021,BG,Bulgaria,CEPA3,Waste management,45400000,18300000,35100000,53400000,98800000
2021,CH,Switzerland,CEPA3,Waste management,548300000,263200000,61900000,325100000,873400000
2021,DE,Germany,CEPA3,Waste management,130800000,2277200000,288000000,2565200000,2696000000
2021,EL,Greece,CEPA3,Waste management,245000000,116200000,4300000,120500000,365500000
2021,FI,Finland,CEPA3,Waste management,0,331000000,33000000,364000000,364000000
2021,HR,Croatia,CEPA3,Waste management,62300000,27100000,,27100000,89400000
2021,IE,Ireland,CEPA3,Waste management,21400000,74500000,,74500000,95900000
2021,LT,Lithuania,CEPA3,Waste management,2900000,135500000,600000,136100000,139000000
2021,LV,Latvia,CEPA3,Waste management,13400000,24200000,1800000,26000000,39400000
2021,MT,Malta,CEPA3,Waste management,11600000,7100000,4900000,12000000,23600000
2021,NO,Norway,CEPA3,Waste management,70000000,196000000,,196000000,266000000
2021,PL,Poland,CEPA3,Waste management,38600000,145200000,34100000,179300000,217900000
2021,PT,Portugal,CEPA3,Waste management,31400000,187800000,,187800000,219200000
2021,RO,Romania,CEPA3,Waste management,54800000,103400000,7800000,111200000,166000000
2021,SE,Sweden,CEPA3,Waste management,1104500000,191600000,50300000,241900000,1346400000
2021,SI,Slovenia,CEPA3,Waste management,8700000,12000000,42400000,54400000,63100000
2021,AT,Austria,CEPA4,"Protection and remediation of soil, groundwater and surface water",1500000,169300000,,169300000,170800000
2021,BE,Belgium,CEPA4,"Protection and remediation of soil, groundwater and surface water",30800000,39800000,35900000,75700000,106500000
2021,BG,Bulgaria,CEPA4,"Protection and remediation of soil, groundwater and surface water",800000,0,2900000,2900000,3700000
2021,CH,Switzerland,CEPA4,"Protection and remediation of soil, groundwater and surface water",34500000,2000000,38500000,40500000,75000000
2021,DE,Germany,CEPA4,"Protection and remediation of soil, groundwater and surface water",43600000,85000000,247600000,332600000,376200000
2021,EL,Greece,CEPA4,"Protection and remediation of soil, groundwater and surface water",0,500000,0,500000,500000
2021,FI,Finland,CEPA4,"Protection and remediation of soil, groundwater and surface water",8000000,6000000,38600000,44600000,52600000
2021,HR,Croatia,CEPA4,"Protection and remediation of soil, groundwater and surface water",20700000,200000,,200000,20900000
2021,IE,Ireland,CEPA4,"Protection and remediation of soil, groundwater and surface water",500000,300000,,300000,800000
2021,LT,Lithuania,CEPA4,"Protection and remediation of soil, groundwater and surface water",0,0,300000,300000,300000
2021,LV,Latvia,CEPA4,"Protection and remediation of soil, groundwater and surface water",0,2500000,1400000,3900000,3900000
2021,MT,Malta,CEPA4,"Protection and remediation of soil, groundwater and surface water",0,0,0,0,0
2021,NO,Norway,CEPA4,"Protection and remediation of soil, groundwater and surface water",3500000,1800000,,1800000,5300000
2021,PL,Poland,CEPA4,"Protection and remediation of soil, groundwater and surface water",7900000,0,6400000,6400000,14300000
2021,PT,Portugal,CEPA4,"Protection and remediation of soil, groundwater and surface water",0,48400000,,48400000,48400000
2021,RO,Romania,CEPA4,"Protection and remediation of soil, groundwater and surface water",8300000,400000,52800000,53200000,61500000
2021,SE,Sweden,CEPA4,"Protection and remediation of soil, groundwater and surface water",100000,8300000,96400000,104700000,104800000
2021,SI,Slovenia,CEPA4,"Protection and remediation of soil, groundwater and surface water",14200000,0,5900000,5900000,20100000
2021,AT,Austria,CEPA5,Noise and vibration abatement (excluding workplace protection),0,4700000,,4700000,4700000
2021,BE,Belgium,CEPA5,Noise and vibration abatement (excluding workplace protection),900000,37800000,24800000,62600000,63500000
2021,BG,Bulgaria,CEPA5,Noise and vibration abatement (excluding workplace protection),600000,0,0,0,600000
2021,CH,Switzerland,CEPA5,Noise and vibration abatement (excluding workplace protection),23700000,0,67400000,67400000,91100000
2021,DE,Germany,CEPA5,Noise and vibration abatement (excluding workplace protection),58000000,0,88400000,88400000,146400000
2021,EL,Greece,CEPA5,Noise and vibration abatement (excluding workplace protection),0,0,0,0,0
2021,FI,Finland,CEPA5,Noise and vibration abatement (excluding workplace protection),10200000,0,400000,400000,10600000
2021,HR,Croatia,CEPA5,Noise and vibration abatement (excluding workplace protection),0,0,,0,0
2021,IE,Ireland,CEPA5,Noise and vibration abatement (excluding workplace protection),0,0,,0,0
2021,LT,Lithuania,CEPA5,Noise and vibration abatement (excluding workplace protection),0,0,1500000,1500000,1500000
2021,LV,Latvia,CEPA5,Noise and vibration abatement (excluding workplace protection),0,0,0,0,0
2021,MT,Malta,CEPA5,Noise and vibration abatement (excluding workplace protection),0,0,0,0,0
2021,NO,Norway,CEPA5,Noise and vibration abatement (excluding workplace protection),11400000,0,,0,11400000
2021,PL,Poland,CEPA5,Noise and vibration abatement (excluding workplace protection),23400000,0,12600000,12600000,36000000
2021,PT,Portugal,CEPA5,Noise and vibration abatement (excluding workplace protection),0,4000000,,4000000,4000000
2021,RO,Romania,CEPA5,Noise and vibration abatement (excluding workplace protection),1400000,0,1500000,1500000,2900000
2021,SE,Sweden,CEPA5,Noise and vibration abatement (excluding workplace protection),0,0,44800000,44800000,44800000
2021,SI,Slovenia,CEPA5,Noise and vibration abatement (excluding workplace protection),400000,0,7600000,7600000,8000000
2021,AT,Austria,CEPA6,Protection of biodiversity and landscapes,5400000,2400000,,2400000,7800000
2021,BE,Belgium,CEPA6,Protection of biodiversity and landscapes,105700000,10300000,2300000,12600000,118300000
2021,BG,Bulgaria,CEPA6,Protection of biodiversity and landscapes,1500000,0,100000,100000,1600000
2021,CH,Switzerland,CEPA6,Protection of biodiversity and landscapes,43300000,9600000,50500000,60100000,103400000
2021,DE,Germany,CEPA6,Protection of biodiversity and landscapes,183000000,0,66500000,66500000,249500000
2021,EL,Greece,CEPA6,Protection of biodiversity and landscapes,1000000,0,0,0,1000000
2021,FI,Finland,CEPA6,Protection of biodiversity and landscapes,14800000,0,2300000,2300000,17100000
2021,HR,Croatia,CEPA6,Protection of biodiversity and landscapes,1300000,0,,0,1300000
2021,IE,Ireland,CEPA6,Protection of biodiversity and landscapes,2500000,0,,0,2500000
2021,LT,Lithuania,CEPA6,Protection of biodiversity and landscapes,11800000,700000,0,700000,12500000
2021,LV,Latvia,CEPA6,Protection of biodiversity and landscapes,200000,0,100000,100000,300000
2021,MT,Malta,CEPA6,Protection of biodiversity and landscapes,1400000,0,0,0,1400000
2021,NO,Norway,CEPA6,Protection of biodiversity and landscapes,79300000,0,,0,79300000
2021,PL,Poland,CEPA6,Protection of biodiversity and landscapes,76900000,0,2000000,2000000,78900000
2021,PT,Portugal,CEPA6,Protection of biodiversity and landscapes,20700000,7400000,,7400000,28100000
2021,RO,Romania,CEPA6,Protection of biodiversity and landscapes,0,0,2400000,2400000,2400000
2021,SE,Sweden,CEPA6,Protection of biodiversity and landscapes,24600000,0,5100000,5100000,29700000
2021,SI,Slovenia,CEPA6,Protection of biodiversity and landscapes,7600000,0,13700000,13700000,21300000
2021,AT,Austria,CEPA7,Protection against radiation (excluding external safety),100000,100000,,100000,200000
2021,BE,Belgium,CEPA7,Protection against radiation (excluding external safety),100000,20200000,0,20200000,20300000
2021,BG,Bulgaria,CEPA7,Protection against radiation (excluding external safety),0,0,0,0,0
2021,CH,Switzerland,CEPA7,Protection against radiation (excluding external safety),5300000,0,28900000,28900000,34200000
2021,DE,Germany,CEPA7,Protection against radiation (excluding external safety),600000,0,,0,600000
2021,EL,Greece,CEPA7,Protection against radiation (excluding external safety),0,0,0,0,0
2021,FI,Finland,CEPA7,Protection against radiation (excluding external safety),200000,0,,0,200000
2021,HR,Croatia,CEPA7,Protection against radiation (excluding external safety),,,,0,0
2021,IE,Ireland,CEPA7,Protection against radiation (excluding external safety),0,,,0,0
2021,LT,Lithuania,CEPA7,Protection against radiation (excluding external safety),51300000,0,0,0,51300000
2021,LV,Latvia,CEPA7,Protection against radiation (excluding external safety),,,,0,0
2021,MT,Malta,CEPA7,Protection against radiation (excluding external safety),0,0,0,0,0
2021,NO,Norway,CEPA7,Protection against radiation (excluding external safety),,,,0,0
2021,PL,Poland,CEPA7,Protection against radiation (excluding external safety),0,0,0,0,0
2021,PT,Portugal,CEPA7,Protection against radiation (excluding external safety),0,0,,0,0
2021,RO,Romania,CEPA7,Protection against radiation (excluding external safety),0,0,0,0,0
2021,SE,Sweden,CEPA7,Protection against radiation (excluding external safety),,,,0,0
2021,SI,Slovenia,CEPA7,Protection against radiation (excluding external safety),,,,0,0
2021,AT,Austria,CEPA7-9,Protection against radiation; environmental research and development; other environmental protection activities,50500000,166100000,,166100000,216600000
2021,BE,Belgium,CEPA7-9,Protection against radiation; environmental research and development; other environmental protection activities,95200000,46300000,98700000,145000000,240200000
2021,BG,Bulgaria,CEPA7-9,Protection against radiation; environmental research and development; other environmental protection activities,13500000,700000,2700000,3400000,16900000
2021,CH,Switzerland,CEPA7-9,Protection against radiation; environmental research and development; other environmental protection activities,56900000,36200000,38500000,74700000,131600000
2021,DE,Germany,CEPA7-9,Protection against radiation; environmental research and development; other environmental protection activities,550600000,0,0,0,550600000
2021,EL,Greece,CEPA7-9,Protection against radiation; environmental research and development; other environmental protection activities,0,0,2100000,2100000,2100000
2021,FI,Finland,CEPA7-9,Protection against radiation; environmental research and development; other environmental protection activities,8100000,0,24700000,24700000,32800000
2021,HR,Croatia,CEPA7-9,Protection against radiation; environmental research and development; other environmental protection activities,600000,0,,0,600000
2021,IE,Ireland,CEPA7-9,Protection against radiation; environmental research and development; other environmental protection activities,10300000,0,,0,10300000
2021,LT,Lithuania,CEPA7-9,Protection against radiation; environmental research and development; other environmental protection activities,58600000,0,0,0,58600000
2021,LV,Latvia,CEPA7-9,Protection against radiation; environmental research and development; other environmental protection activities,8500000,0,0,0,8500000
2021,MT,Malta,CEPA7-9,Protection against radiation; environmental research and development; other environmental protection activities,0,0,0,0,0
2021,NO,Norway,CEPA7-9,Protection against radiation; environmental research and development; other environmental protection activities,14600000,0,,0,14600000
2021,PL,Poland,CEPA7-9,Protection against radiation; environmental research and development; other environmental protection activities,167500000,500000,91700000,92200000,259700000
2021,PT,Portugal,CEPA7-9,Protection against radiation; environmental research and development; other environmental protection activities,83100000,22700000,,22700000,105800000
2021,RO,Romania,CEPA7-9,Protection against radiation; environmental research and development; other environmental protection activities,16400000,0,6300000,6300000,22700000
2021,SE,Sweden,CEPA7-9,Protection against radiation; environmental research and development; other environmental protection activities,50100000,0,146500000,146500000,196600000
2021,SI,Slovenia,CEPA7-9,Protection against radiation; environmental research and development; other environmental protection activities,17000000,0,15300000,15300000,32300000
2021,AT,Austria,CEPA8,Environmental research and development,45700000,57300000,,57300000,103000000
2021,BE,Belgium,CEPA8,Environmental research and development,56100000,3000000,66300000,69300000,125400000
2021,BG,Bulgaria,CEPA8,Environmental research and development,400000,0,0,0,400000
2021,CH,Switzerland,CEPA8,Environmental research and development,17300000,20600000,9700000,30300000,47600000
2021,DE,Germany,CEPA8,Environmental research and development,504000000,0,,0,504000000
2021,EL,Greece,CEPA8,Environmental research and development,0,0,0,0,0
2021,FI,Finland,CEPA8,Environmental research and development,0,0,,0,0
2021,HR,Croatia,CEPA8,Environmental research and development,,,,0,0
2021,IE,Ireland,CEPA8,Environmental research and development,2400000,,,0,2400000
2021,LT,Lithuania,CEPA8,Environmental research and development,0,0,0,0,0
2021,LV,Latvia,CEPA8,Environmental research and development,,,,0,0
2021,MT,Malta,CEPA8,Environmental research and development,0,0,0,0,0
2021,NO,Norway,CEPA8,Environmental research and development,,,,0,0
2021,PL,Poland,CEPA8,Environmental research and development,200000,0,1700000,1700000,1900000
2021,PT,Portugal,CEPA8,Environmental research and development,51900000,22100000,,22100000,74000000
2021,RO,Romania,CEPA8,Environmental research and development,0,0,0,0,0
2021,SE,Sweden,CEPA8,Environmental research and development,,,,0,0
2021,SI,Slovenia,CEPA8,Environmental research and development,,,,0,0
2021,AT,Austria,CEPA9,Other environmental protection activities,4700000,108600000,,108600000,113300000
2021,BE,Belgium,CEPA9,Other environmental protection activities,39000000,23100000,32400000,55500000,94500000
2021,BG,Bulgaria,CEPA9,Other environmental protection activities,13200000,700000,2700000,3400000,16600000
2021,CH,Switzerland,CEPA9,Other environmental protection activities,34400000,15600000,0,15600000,50000000
2021,DE,Germany,CEPA9,Other environmental protection activities,46000000,0,,0,46000000
2021,EL,Greece,CEPA9,Other environmental protection activities,0,0,2100000,2100000,2100000
2021,FI,Finland,CEPA9,Other environmental protection activities,7900000,0,23900000,23900000,31800000
2021,HR,Croatia,CEPA9,Other environmental protection activities,,,,0,0
2021,IE,Ireland,CEPA9,Other environmental protection activities,7800000,,,0,7800000
2021,LT,Lithuania,CEPA9,Other environmental protection activities,7300000,0,0,0,7300000
2021,LV,Latvia,CEPA9,Other environmental protection activities,8500000,,0,0,8500000
2021,MT,Malta,CEPA9,Other environmental protection activities,0,0,0,0,0
2021,NO,Norway,CEPA9,Other environmental protection activities,,,,0,0
2021,PL,Poland,CEPA9,Other environmental protection activities,167300000,400000,89900000,90300000,257600000
2021,PT,Portugal,CEPA9,Other environmental protection activities,31200000,600000,,600000,31800000
2021,RO,Romania,CEPA9,Other environmental protection activities,16400000,0,6300000,6300000,22700000
2021,SE,Sweden,CEPA9,Other environmental protection activities,,,,0,0
2021,SI,Slovenia,CEPA9,Other environmental protection activities,,,,0,0
2022,AT,Austria,CEPA1,Protection of ambient air and climate,5000000,20800000,,20800000,25800000
2022,BE,Belgium,CEPA1,Protection of ambient air and climate,53500000,45100000,251800000,296900000,350400000
2022,BG,Bulgaria,CEPA1,Protection of ambient air and climate,3500000,0,131100000,131100000,134600000
2022,CH,Switzerland,CEPA1,Protection of ambient air and climate,4400000,6700000,205800000,212500000,216900000
2022,DE,Germany,CEPA1,Protection of ambient air and climate,41800000,0,1810100000,1810100000,1851900000
2022,EL,Greece,CEPA1,Protection of ambient air and climate,0,0,7900000,7900000,7900000
2022,FI,Finland,CEPA1,Protection of ambient air and climate,100000,0,345100000,345100000,345200000
2022,HR,Croatia,CEPA1,Protection of ambient air and climate,700000,0,,0,700000
2022,IE,Ireland,CEPA1,Protection of ambient air and climate,5200000,0,,0,5200000
2022,LT,Lithuania,CEPA1,Protection of ambient air and climate,2800000,6100000,20400000,26500000,29300000
2022,LV,Latvia,CEPA1,Protection of ambient air and climate,5400000,200000,34700000,34900000,40300000
2022,MT,Malta,CEPA1,Protection of ambient air and climate,200000,0,0,0,200000
2022,NO,Norway,CEPA1,Protection of ambient air and climate,9800000,0,,0,9800000
2022,PL,Poland,CEPA1,Protection of ambient air and climate,59300000,9700000,854100000,863800000,923100000
2022,PT,Portugal,CEPA1,Protection of ambient air and climate,100000,10000000,,10000000,10100000
2022,RO,Romania,CEPA1,Protection of ambient air and climate,13700000,0,54000000,54000000,67700000
2022,SE,Sweden,CEPA1,Protection of ambient air and climate,38500000,0,,0,38500000
2022,SI,Slovenia,CEPA1,Protection of ambient air and climate,24500000,0,135900000,135900000,160400000
2022,HR,Croatia,CEPA112_122,Protection of climate and ozone layer,,,,0,0
2022,IE,Ireland,CEPA112_122,Protection of climate and ozone layer,5200000,,,0,5200000
2022,MT,Malta,CEPA112_122,Protection of climate and ozone layer,0,0,0,0,0
2022,AT,Austria,CEPA2,Wastewater management,2400000,484600000,,484600000,487000000
2022,BE,Belgium,CEPA2,Wastewater management,210300000,104100000,368700000,472800000,683100000
2022,BG,Bulgaria,CEPA2,Wastewater management,33700000,7000000,28900000,35900000,69600000
2022,CH,Switzerland,CEPA2,Wastewater management,608300000,239400000,91600000,331000000,939300000
2022,DE,Germany,CEPA2,Wastewater management,1968000000,5489000000,1151600000,6640600000,8608600000
2022,EL,Greece,CEPA2,Wastewater management,99000000,2800000,8600000,11400000,110400000
2022,FI,Finland,CEPA2,Wastewater management,0,132000000,82400000,214400000,214400000
2022,HR,Croatia,CEPA2,Wastewater management,41300000,24400000,,24400000,65700000
2022,IE,Ireland,CEPA2,Wastewater management,401700000,1800000,,1800000,403500000
2022,LT,Lithuania,CEPA2,Wastewater management,4400000,80000000,3600000,83600000,88000000
2022,LV,Latvia,CEPA2,Wastewater management,2700000,21200000,1000000,22200000,24900000
2022,MT,Malta,CEPA2,Wastewater management,0,24800000,200000,25000000,25000000
2022,NO,Norway,CEPA2,Wastewater management,654800000,43200000,,43200000,698000000
2022,PL,Poland,CEPA2,Wastewater management,713800000,562200000,143500000,705700000,1419500000
2022,PT,Portugal,CEPA2,Wastewater management,77900000,207700000,,207700000,285600000
2022,RO,Romania,CEPA2,Wastewater management,283100000,3400000,95600000,99000000,382100000
2022,SE,Sweden,CEPA2,Wastewater management,562100000,240100000,,240100000,802200000
2022,SI,Slovenia,CEPA2,Wastewater management,148900000,2700000,39400000,42100000,191000000
2022,AT,Austria,CEPA3,Waste management,31800000,392900000,,392900000,424700000
2022,BE,Belgium,CEPA3,Waste management,182100000,910600000,30800000,941400000,1123500000
2022,BG,Bulgaria,CEPA3,Waste management,44800000,67700000,27400000,95100000,139900000
2022,CH,Switzerland,CEPA3,Waste management,583900000,287300000,67400000,354700000,938600000
2022,DE,Germany,CEPA3,Waste management,148500000,2615500000,412100000,3027600000,3176100000
2022,EL,Greece,CEPA3,Waste management,367000000,128700000,1700000,130400000,497400000
2022,FI,Finland,CEPA3,Waste management,200000,148000000,24000000,172000000,172200000
2022,HR,Croatia,CEPA3,Waste management,30900000,24400000,,24400000,55300000
2022,IE,Ireland,CEPA3,Waste management,29800000,53500000,,53500000,83300000
2022,LT,Lithuania,CEPA3,Waste management,4300000,27000000,6100000,33100000,37400000
2022,LV,Latvia,CEPA3,Waste management,6600000,63100000,700000,63800000,70400000
2022,MT,Malta,CEPA3,Waste management,20600000,8400000,5200000,13600000,34200000
2022,NO,Norway,CEPA3,Waste management,70800000,182600000,,182600000,253400000
2022,PL,Poland,CEPA3,Waste management,51200000,170900000,39000000,209900000,261100000
2022,PT,Portugal,CEPA3,Waste management,29900000,212100000,,212100000,242000000
2022,RO,Romania,CEPA3,Waste management,63300000,171900000,19300000,191200000,254500000
2022,SE,Sweden,CEPA3,Waste management,1103200000,309800000,,309800000,1413000000
2022,SI,Slovenia,CEPA3,Waste management,11400000,13200000,,13200000,24600000
2022,AT,Austria,CEPA4,"Protection and remediation of soil, groundwater and surface water",600000,166100000,,166100000,166700000
2022,BE,Belgium,CEPA4,"Protection and remediation of soil, groundwater and surface water",3700000,51200000,39900000,91100000,94800000
2022,BG,Bulgaria,CEPA4,"Protection and remediation of soil, groundwater and surface water",1000000,0,400000,400000,1400000
2022,CH,Switzerland,CEPA4,"Protection and remediation of soil, groundwater and surface water",39600000,1800000,42000000,43800000,83400000
2022,DE,Germany,CEPA4,"Protection and remediation of soil, groundwater and surface water",44500000,105000000,260600000,365600000,410100000
2022,EL,Greece,CEPA4,"Protection and remediation of soil, groundwater and surface water",0,1300000,0,1300000,1300000
2022,FI,Finland,CEPA4,"Protection and remediation of soil, groundwater and surface water",5600000,9000000,28400000,37400000,43000000
2022,HR,Croatia,CEPA4,"Protection and remediation of soil, groundwater and surface water",20100000,0,,0,20100000
2022,IE,Ireland,CEPA4,"Protection and remediation of soil, groundwater and surface water",100000,100000,,100000,200000
2022,LT,Lithuania,CEPA4,"Protection and remediation of soil, groundwater and surface water",0,200000,400000,600000,600000
2022,LV,Latvia,CEPA4,"Protection and remediation of soil, groundwater and surface water",0,900000,1600000,2500000,2500000
2022,MT,Malta,CEPA4,"Protection and remediation of soil, groundwater and surface water",0,0,0,0,0
2022,NO,Norway,CEPA4,"Protection and remediation of soil, groundwater and surface water",500000,1000000,,1000000,1500000
2022,PL,Poland,CEPA4,"Protection and remediation of soil, groundwater and surface water",5800000,0,54600000,54600000,60400000
2022,PT,Portugal,CEPA4,"Protection and remediation of soil, groundwater and surface water",0,44100000,,44100000,44100000
2022,RO,Romania,CEPA4,"Protection and remediation of soil, groundwater and surface water",10900000,200000,57300000,57500000,68400000
2022,SE,Sweden,CEPA4,"Protection and remediation of soil, groundwater and surface water",0,10800000,,10800000,10800000
2022,SI,Slovenia,CEPA4,"Protection and remediation of soil, groundwater and surface water",13500000,0,8900000,8900000,22400000
2022,AT,Austria,CEPA5,Noise and vibration abatement (excluding workplace protection),300000,9300000,,9300000,9600000
2022,BE,Belgium,CEPA5,Noise and vibration abatement (excluding workplace protection),500000,47700000,26400000,74100000,74600000
2022,BG,Bulgaria,CEPA5,Noise and vibration abatement (excluding workplace protection),700000,0,300000,300000,1000000
2022,CH,Switzerland,CEPA5,Noise and vibration abatement (excluding workplace protection),26500000,0,73400000,73400000,99900000
2022,DE,Germany,CEPA5,Noise and vibration abatement (excluding workplace protection),59200000,0,102500000,102500000,161700000
2022,EL,Greece,CEPA5,Noise and vibration abatement (excluding workplace protection),0,0,0,0,0
2022,FI,Finland,CEPA5,Noise and vibration abatement (excluding workplace protection),10600000,0,2200000,2200000,12800000
2022,HR,Croatia,CEPA5,Noise and vibration abatement (excluding workplace protection),0,0,,0,0
2022,IE,Ireland,CEPA5,Noise and vibration abatement (excluding workplace protection),0,0,,0,0
2022,LT,Lithuania,CEPA5,Noise and vibration abatement (excluding workplace protection),0,0,6800000,6800000,6800000
2022,LV,Latvia,CEPA5,Noise and vibration abatement (excluding workplace protection),0,0,0,0,0
2022,MT,Malta,CEPA5,Noise and vibration abatement (excluding workplace protection),0,0,0,0,0
2022,NO,Norway,CEPA5,Noise and vibration abatement (excluding workplace protection),11800000,0,,0,11800000
2022,PL,Poland,CEPA5,Noise and vibration abatement (excluding workplace protection),10600000,0,10600000,10600000,21200000
2022,PT,Portugal,CEPA5,Noise and vibration abatement (excluding workplace protection),0,2000000,,2000000,2000000
2022,RO,Romania,CEPA5,Noise and vibration abatement (excluding workplace protection),1400000,0,12700000,12700000,14100000
2022,SE,Sweden,CEPA5,Noise and vibration abatement (excluding workplace protection),0,0,,0,0
2022,SI,Slovenia,CEPA5,Noise and vibration abatement (excluding workplace protection),500000,0,,0,500000
2022,AT,Austria,CEPA6,Protection of biodiversity and landscapes,7400000,4800000,,4800000,12200000
2022,BE,Belgium,CEPA6,Protection of biodiversity and landscapes,145500000,12300000,2800000,15100000,160600000
2022,BG,Bulgaria,CEPA6,Protection of biodiversity and landscapes,1800000,0,300000,300000,2100000
2022,CH,Switzerland,CEPA6,Protection of biodiversity and landscapes,48200000,9600000,58000000,67600000,115800000
2022,DE,Germany,CEPA6,Protection of biodiversity and landscapes,211000000,0,85300000,85300000,296300000
2022,EL,Greece,CEPA6,Protection of biodiversity and landscapes,0,0,0,0,0
2022,FI,Finland,CEPA6,Protection of biodiversity and landscapes,18200000,0,13600000,13600000,31800000
2022,HR,Croatia,CEPA6,Protection of biodiversity and landscapes,1200000,100000,,100000,1300000
2022,IE,Ireland,CEPA6,Protection of biodiversity and landscapes,0,0,,0,0
2022,LT,Lithuania,CEPA6,Protection of biodiversity and landscapes,25100000,300000,0,300000,25400000
2022,LV,Latvia,CEPA6,Protection of biodiversity and landscapes,600000,0,200000,200000,800000
2022,MT,Malta,CEPA6,Protection of biodiversity and landscapes,1200000,0,0,0,1200000
2022,NO,Norway,CEPA6,Protection of biodiversity and landscapes,80700000,0,,0,80700000
2022,PL,Poland,CEPA6,Protection of biodiversity and landscapes,75800000,0,300000,300000,76100000
2022,PT,Portugal,CEPA6,Protection of biodiversity and landscapes,14900000,3700000,,3700000,18600000
2022,RO,Romania,CEPA6,Protection of biodiversity and landscapes,100000,100000,3000000,3100000,3200000
2022,SE,Sweden,CEPA6,Protection of biodiversity and landscapes,13400000,0,,0,13400000
2022,SI,Slovenia,CEPA6,Protection of biodiversity and landscapes,4900000,0,,0,4900000
2022,AT,Austria,CEPA7,Protection against radiation (excluding external safety),400000,200000,,200000,600000
2022,BE,Belgium,CEPA7,Protection against radiation (excluding external safety),100000,28200000,100000,28300000,28400000
2022,BG,Bulgaria,CEPA7,Protection against radiation (excluding external safety),0,0,0,0,0
2022,CH,Switzerland,CEPA7,Protection against radiation (excluding external safety),5900000,0,31500000,31500000,37400000
2022,DE,Germany,CEPA7,Protection against radiation (excluding external safety),600000,0,,0,600000
2022,EL,Greece,CEPA7,Protection against radiation (excluding external safety),0,0,0,0,0
2022,FI,Finland,CEPA7,Protection against radiation (excluding external safety),500000,0,300000,300000,800000
2022,HR,Croatia,CEPA7,Protection against radiation (excluding external safety),,,,0,0
2022,IE,Ireland,CEPA7,Protection against radiation (excluding external safety),0,,,0,0
2022,LT,Lithuania,CEPA7,Protection against radiation (excluding external safety),66400000,0,0,0,66400000
2022,LV,Latvia,CEPA7,Protection against radiation (excluding external safety),,,,0,0
2022,MT,Malta,CEPA7,Protection against radiation (excluding external safety),0,0,0,0,0
2022,NO,Norway,CEPA7,Protection against radiation (excluding external safety),,,,0,0
2022,PL,Poland,CEPA7,Protection against radiation (excluding external safety),0,0,0,0,0
2022,PT,Portugal,CEPA7,Protection against radiation (excluding external safety),0,0,,0,0
2022,RO,Romania,CEPA7,Protection against radiation (excluding external safety),0,0,0,0,0
2022,SE,Sweden,CEPA7,Protection against radiation (excluding external safety),,,,0,0
2022,SI,Slovenia,CEPA7,Protection against radiation (excluding external safety),,,,0,0
2022,AT,Austria,CEPA7-9,Protection against radiation; environmental research and development; other environmental protection activities,56000000,224900000,,224900000,280900000
2022,BE,Belgium,CEPA7-9,Protection against radiation; environmental research and development; other environmental protection activities,60000000,58600000,112700000,171300000,231300000
2022,BG,Bulgaria,CEPA7-9,Protection against radiation; environmental research and development; other environmental protection activities,25000000,400000,7500000,7900000,32900000
2022,CH,Switzerland,CEPA7-9,Protection against radiation; environmental research and development; other environmental protection activities,63500000,35100000,42000000,77100000,140600000
2022,DE,Germany,CEPA7-9,Protection against radiation; environmental research and development; other environmental protection activities,554600000,0,0,0,554600000
2022,EL,Greece,CEPA7-9,Protection against radiation; environmental research and development; other environmental protection activities,0,0,4700000,4700000,4700000
2022,FI,Finland,CEPA7-9,Protection against radiation; environmental research and development; other environmental protection activities,7200000,0,19600000,19600000,26800000
2022,HR,Croatia,CEPA7-9,Protection against radiation; environmental research and development; other environmental protection activities,600000,0,,0,600000
2022,IE,Ireland,CEPA7-9,Protection against radiation; environmental research and development; other environmental protection activities,11900000,0,,0,11900000
2022,LT,Lithuania,CEPA7-9,Protection against radiation; environmental research and development; other environmental protection activities,71200000,0,0,0,71200000
2022,LV,Latvia,CEPA7-9,Protection against radiation; environmental research and development; other environmental protection activities,8500000,0,200000,200000,8700000
2022,MT,Malta,CEPA7-9,Protection against radiation; environmental research and development; other environmental protection activities,300000,0,0,0,300000
2022,NO,Norway,CEPA7-9,Protection against radiation; environmental research and development; other environmental protection activities,17600000,0,,0,17600000
2022,PL,Poland,CEPA7-9,Protection against radiation; environmental research and development; other environmental protection activities,180700000,600000,138400000,139000000,319700000
2022,PT,Portugal,CEPA7-9,Protection against radiation; environmental research and development; other environmental protection activities,78500000,29000000,,29000000,107500000
2022,RO,Romania,CEPA7-9,Protection against radiation; environmental research and development; other environmental protection activities,22300000,0,7700000,7700000,30000000
2022,SE,Sweden,CEPA7-9,Protection against radiation; environmental research and development; other environmental protection activities,47400000,0,,0,47400000
2022,SI,Slovenia,CEPA7-9,Protection against radiation; environmental research and development; other environmental protection activities,17700000,100000,,100000,17800000
2022,AT,Austria,CEPA8,Environmental research and development,47700000,85200000,,85200000,132900000
2022,BE,Belgium,CEPA8,Environmental research and development,7600000,4200000,77600000,81800000,89400000
2022,BG,Bulgaria,CEPA8,Environmental research and development,2100000,200000,700000,900000,3000000
2022,CH,Switzerland,CEPA8,Environmental research and development,19600000,19800000,10500000,30300000,49900000
2022,DE,Germany,CEPA8,Environmental research and development,501000000,0,,0,501000000
2022,EL,Greece,CEPA8,Environmental research and development,0,0,0,0,0
2022,FI,Finland,CEPA8,Environmental research and development,0,0,700000,700000,700000
2022,HR,Croatia,CEPA8,Environmental research and development,,,,0,0
2022,IE,Ireland,CEPA8,Environmental research and development,2700000,,,0,2700000
2022,LT,Lithuania,CEPA8,Environmental research and development,0,0,0,0,0
2022,LV,Latvia,CEPA8,Environmental research and development,,,,0,0
2022,MT,Malta,CEPA8,Environmental research and development,0,0,0,0,0
2022,NO,Norway,CEPA8,Environmental research and development,,,,0,0
2022,PL,Poland,CEPA8,Environmental research and development,100000,200000,2400000,2600000,2700000
2022,PT,Portugal,CEPA8,Environmental research and development,48300000,27900000,,27900000,76200000
2022,RO,Romania,CEPA8,Environmental research and development,0,0,100000,100000,100000
2022,SE,Sweden,CEPA8,Environmental research and development,,,,0,0
2022,SI,Slovenia,CEPA8,Environmental research and development,,,,0,0
2022,AT,Austria,CEPA9,Other environmental protection activities,7900000,139500000,,139500000,147400000
2022,BE,Belgium,CEPA9,Other environmental protection activities,52200000,26300000,35200000,61500000,113700000
2022,BG,Bulgaria,CEPA9,Other environmental protection activities,22900000,300000,6900000,7200000,30100000
2022,CH,Switzerland,CEPA9,Other environmental protection activities,38000000,15300000,0,15300000,53300000
2022,DE,Germany,CEPA9,Other environmental protection activities,53000000,0,,0,53000000
2022,EL,Greece,CEPA9,Other environmental protection activities,0,0,4700000,4700000,4700000
2022,FI,Finland,CEPA9,Other environmental protection activities,6800000,0,18600000,18600000,25400000
2022,HR,Croatia,CEPA9,Other environmental protection activities,,,,0,0
2022,IE,Ireland,CEPA9,Other environmental protection activities,9200000,,,0,9200000
2022,LT,Lithuania,CEPA9,Other environmental protection activities,4800000,0,0,0,4800000
2022,LV,Latvia,CEPA9,Other environmental protection activities,8500000,,200000,200000,8700000
2022,MT,Malta,CEPA9,Other environmental protection activities,300000,0,0,0,300000
2022,NO,Norway,CEPA9,Other environmental protection activities,,,,0,0
2022,PL,Poland,CEPA9,Other environmental protection activities,180600000,400000,135900000,136300000,316900000
2022,PT,Portugal,CEPA9,Other environmental protection activities,30200000,1000000,,1000000,31200000
2022,RO,Romania,CEPA9,Other environmental protection activities,22300000,0,7600000,7600000,29900000
2022,SE,Sweden,CEPA9,Other environmental protection activities,,,,0,0
2022,SI,Slovenia,CEPA9,Other environmental protection activities,,,,0,0
